,State,County Name,FIPS State,FIPS County
0,Alabama,Autauga,01,01001
1,Alabama,Baldwin,01,01003
2,Alabama,Barbour,01,01005
3,Alabama,Bibb,01,01007
4,Alabama,Blount,01,01009
5,Alabama,Bullock,01,01011
6,Alabama,Butler,01,01013
7,Alabama,Calhoun,01,01015
8,Alabama,Chambers,01,01017
9,Alabama,Cherokee,01,01019
10,Alabama,Chilton,01,01021
11,Alabama,Choctaw,01,01023
12,Alabama,Clarke,01,01025
13,Alabama,Clay,01,01027
14,Alabama,Cleburne,01,01029
15,Alabama,Coffee,01,01031
16,Alabama,Colbert,01,01033
17,Alabama,Conecuh,01,01035
18,Alabama,Coosa,01,01037
19,Alabama,Covington,01,01039
20,Alabama,Crenshaw,01,01041
21,Alabama,Cullman,01,01043
22,Alabama,Dale,01,01045
23,Alabama,Dallas,01,01047
24,Alabama,De Kalb,01,01049
25,Alabama,Elmore,01,01051
26,Alabama,Escambia,01,01053
27,Alabama,Etowah,01,01055
28,Alabama,Fayette,01,01057
29,Alabama,Franklin,01,01059
30,Alabama,Geneva,01,01061
31,Alabama,Greene,01,01063
32,Alabama,Hale,01,01065
33,Alabama,Henry,01,01067
34,Alabama,Houston,01,01069
35,Alabama,Jackson,01,01071
36,Alabama,Jefferson,01,01073
37,Alabama,Lamar,01,01075
38,Alabama,Lauderdale,01,01077
39,Alabama,Lawrence,01,01079
40,Alabama,Lee,01,01081
41,Alabama,Limestone,01,01083
42,Alabama,Lowndes,01,01085
43,Alabama,Macon,01,01087
44,Alabama,Madison,01,01089
45,Alabama,Marengo,01,01091
46,Alabama,Marion,01,01093
47,Alabama,Marshall,01,01095
48,Alabama,Mobile,01,01097
49,Alabama,Monroe,01,01099
50,Alabama,Montgomery,01,01101
51,Alabama,Morgan,01,01103
52,Alabama,Perry,01,01105
53,Alabama,Pickens,01,01107
54,Alabama,Pike,01,01109
55,Alabama,Randolph,01,01111
56,Alabama,Russell,01,01113
57,Alabama,St Clair,01,01115
58,Alabama,Shelby,01,01117
59,Alabama,Sumter,01,01119
60,Alabama,Talladega,01,01121
61,Alabama,Tallapoosa,01,01123
62,Alabama,Tuscaloosa,01,01125
63,Alabama,Walker,01,01127
64,Alabama,Washington,01,01129
65,Alabama,Wilcox,01,01131
66,Alabama,Winston,01,01133
67,Alaska,Aleutians East,02,02013
68,Alaska,Aleutians West,02,02016
69,Alaska,Anchorage,02,02020
70,Alaska,Bethel,02,02050
71,Alaska,Bristol Bay,02,02060
72,Alaska,Denali,02,02068
73,Alaska,Dillingham,02,02070
74,Alaska,Fairbanks North Star,02,02090
75,Alaska,Haines,02,02100
76,Alaska,Juneau,02,02110
77,Alaska,Kenai Peninsula,02,02122
78,Alaska,Ketchikan Gateway,02,02130
79,Alaska,Kodiak Island,02,02150
80,Alaska,Lake and Peninsula,02,02164
81,Alaska,Matanuska Susitna,02,02170
82,Alaska,Nome,02,02180
83,Alaska,North Slope,02,02185
84,Alaska,Northwest Arctic,02,02188
85,Alaska,Prince Wales Ketchikan,02,02201
86,Alaska,Sitka,02,02220
87,Alaska,Skagway Hoonah Angoon,02,02232
88,Alaska,Southeast Fairbanks,02,02240
89,Alaska,Valdez Cordova,02,02261
90,Alaska,Wade Hampton,02,02270
91,Alaska,Wrangell Petersburg,02,02280
92,Alaska,Yakutat,02,02282
93,Alaska,Yukon Koyukuk,02,02290
94,Arizona,Apache,04,04001
95,Arizona,Cochise,04,04003
96,Arizona,Coconino,04,04005
97,Arizona,Gila,04,04007
98,Arizona,Graham,04,04009
99,Arizona,Greenlee,04,04011
100,Arizona,La Paz,04,04012
101,Arizona,Maricopa,04,04013
102,Arizona,Mohave,04,04015
103,Arizona,Navajo,04,04017
104,Arizona,Pima,04,04019
105,Arizona,Pinal,04,04021
106,Arizona,Santa Cruz,04,04023
107,Arizona,Yavapai,04,04025
108,Arizona,Yuma,04,04027
109,Arkansas,Arkansas,05,05001
110,Arkansas,Ashley,05,05003
111,Arkansas,Baxter,05,05005
112,Arkansas,Benton,05,05007
113,Arkansas,Boone,05,05009
114,Arkansas,Bradley,05,05011
115,Arkansas,Calhoun,05,05013
116,Arkansas,Carroll,05,05015
117,Arkansas,Chicot,05,05017
118,Arkansas,Clark,05,05019
119,Arkansas,Clay,05,05021
120,Arkansas,Cleburne,05,05023
121,Arkansas,Cleveland,05,05025
122,Arkansas,Columbia,05,05027
123,Arkansas,Conway,05,05029
124,Arkansas,Craighead,05,05031
125,Arkansas,Crawford,05,05033
126,Arkansas,Crittenden,05,05035
127,Arkansas,Cross,05,05037
128,Arkansas,Dallas,05,05039
129,Arkansas,Desha,05,05041
130,Arkansas,Drew,05,05043
131,Arkansas,Faulkner,05,05045
132,Arkansas,Franklin,05,05047
133,Arkansas,Fulton,05,05049
134,Arkansas,Garland,05,05051
135,Arkansas,Grant,05,05053
136,Arkansas,Greene,05,05055
137,Arkansas,Hempstead,05,05057
138,Arkansas,Hot Spring,05,05059
139,Arkansas,Howard,05,05061
140,Arkansas,Independence,05,05063
141,Arkansas,Izard,05,05065
142,Arkansas,Jackson,05,05067
143,Arkansas,Jefferson,05,05069
144,Arkansas,Johnson,05,05071
145,Arkansas,Lafayette,05,05073
146,Arkansas,Lawrence,05,05075
147,Arkansas,Lee,05,05077
148,Arkansas,Lincoln,05,05079
149,Arkansas,Little River,05,05081
150,Arkansas,Logan,05,05083
151,Arkansas,Lonoke,05,05085
152,Arkansas,Madison,05,05087
153,Arkansas,Marion,05,05089
154,Arkansas,Miller,05,05091
155,Arkansas,Mississippi,05,05093
156,Arkansas,Monroe,05,05095
157,Arkansas,Nevada,05,05099
158,Arkansas,Newton,05,05101
159,Arkansas,Ouachita,05,05103
160,Arkansas,Perry,05,05105
161,Arkansas,Phillips,05,05107
162,Arkansas,Pike,05,05109
163,Arkansas,Poinsett,05,05111
164,Arkansas,Polk,05,05113
165,Arkansas,Pope,05,05115
166,Arkansas,Prairie,05,05117
167,Arkansas,Pulaski,05,05119
168,Arkansas,Randolph,05,05121
169,Arkansas,St Francis,05,05123
170,Arkansas,Saline,05,05125
171,Arkansas,Scott,05,05127
172,Arkansas,Searcy,05,05129
173,Arkansas,Sebastian,05,05131
174,Arkansas,Sevier,05,05133
175,Arkansas,Sharp,05,05135
176,Arkansas,Stone,05,05137
177,Arkansas,Union,05,05139
178,Arkansas,Van Buren,05,05141
179,Arkansas,Washington,05,05143
180,Arkansas,White,05,05145
181,Arkansas,Woodruff,05,05147
182,Arkansas,Yell,05,05149
183,California,Alameda,06,06001
184,California,Alpine,06,06003
185,California,Amador,06,06005
186,California,Butte,06,06007
187,California,Calaveras,06,06009
188,California,Colusa,06,06011
189,California,Contra Costa,06,06013
190,California,Del Norte,06,06015
191,California,El Dorado,06,06017
192,California,Fresno,06,06019
193,California,Glenn,06,06021
194,California,Humboldt,06,06023
195,California,Imperial,06,06025
196,California,Inyo,06,06027
197,California,Kern,06,06029
198,California,Kings,06,06031
199,California,Lake,06,06033
200,California,Lassen,06,06035
201,California,Los Angeles,06,06037
202,California,Madera,06,06039
203,California,Marin,06,06041
204,California,Mariposa,06,06043
205,California,Mendocino,06,06045
206,California,Merced,06,06047
207,California,Modoc,06,06049
208,California,Mono,06,06051
209,California,Monterey,06,06053
210,California,Napa,06,06055
211,California,Nevada,06,06057
212,California,Orange,06,06059
213,California,Placer,06,06061
214,California,Plumas,06,06063
215,California,Riverside,06,06065
216,California,Sacramento,06,06067
217,California,San Benito,06,06069
218,California,San Bernardino,06,06071
219,California,San Diego,06,06073
220,California,San Francisco,06,06075
221,California,San Joaquin,06,06077
222,California,San Luis Obispo,06,06079
223,California,San Mateo,06,06081
224,California,Santa Barbara,06,06083
225,California,Santa Clara,06,06085
226,California,Santa Cruz,06,06087
227,California,Shasta,06,06089
228,California,Sierra,06,06091
229,California,Siskiyou,06,06093
230,California,Solano,06,06095
231,California,Sonoma,06,06097
232,California,Stanislaus,06,06099
233,California,Sutter,06,06101
234,California,Tehama,06,06103
235,California,Trinity,06,06105
236,California,Tulare,06,06107
237,California,Tuolumne,06,06109
238,California,Ventura,06,06111
239,California,Yolo,06,06113
240,California,Yuba,06,06115
241,Colorado,Adams,08,08001
242,Colorado,Alamosa,08,08003
243,Colorado,Arapahoe,08,08005
244,Colorado,Archuleta,08,08007
245,Colorado,Baca,08,08009
246,Colorado,Bent,08,08011
247,Colorado,Boulder,08,08013
248,Colorado,Broomfield,08,08014
249,Colorado,Chaffee,08,08015
250,Colorado,Cheyenne,08,08017
251,Colorado,Clear Creek,08,08019
252,Colorado,Conejos,08,08021
253,Colorado,Costilla,08,08023
254,Colorado,Crowley,08,08025
255,Colorado,Custer,08,08027
256,Colorado,Delta,08,08029
257,Colorado,Denver,08,08031
258,Colorado,Dolores,08,08033
259,Colorado,Douglas,08,08035
260,Colorado,Eagle,08,08037
261,Colorado,Elbert,08,08039
262,Colorado,El Paso,08,08041
263,Colorado,Fremont,08,08043
264,Colorado,Garfield,08,08045
265,Colorado,Gilpin,08,08047
266,Colorado,Grand,08,08049
267,Colorado,Gunnison,08,08051
268,Colorado,Hinsdale,08,08053
269,Colorado,Huerfano,08,08055
270,Colorado,Jackson,08,08057
271,Colorado,Jefferson,08,08059
272,Colorado,Kiowa,08,08061
273,Colorado,Kit Carson,08,08063
274,Colorado,Lake,08,08065
275,Colorado,La Plata,08,08067
276,Colorado,Larimer,08,08069
277,Colorado,Las Animas,08,08071
278,Colorado,Lincoln,08,08073
279,Colorado,Logan,08,08075
280,Colorado,Mesa,08,08077
281,Colorado,Mineral,08,08079
282,Colorado,Moffat,08,08081
283,Colorado,Montezuma,08,08083
284,Colorado,Montrose,08,08085
285,Colorado,Morgan,08,08087
286,Colorado,Otero,08,08089
287,Colorado,Ouray,08,08091
288,Colorado,Park,08,08093
289,Colorado,Phillips,08,08095
290,Colorado,Pitkin,08,08097
291,Colorado,Prowers,08,08099
292,Colorado,Pueblo,08,08101
293,Colorado,Rio Blanco,08,08103
294,Colorado,Rio Grande,08,08105
295,Colorado,Routt,08,08107
296,Colorado,Saguache,08,08109
297,Colorado,San Juan,08,08111
298,Colorado,San Miguel,08,08113
299,Colorado,Sedgwick,08,08115
300,Colorado,Summit,08,08117
301,Colorado,Teller,08,08119
302,Colorado,Washington,08,08121
303,Colorado,Weld,08,08123
304,Colorado,Yuma,08,08125
305,Connecticut,Fairfield,09,09001
306,Connecticut,Hartford,09,09003
307,Connecticut,Litchfield,09,09005
308,Connecticut,Middlesex,09,09007
309,Connecticut,New Haven,09,09009
310,Connecticut,New London,09,09011
311,Connecticut,Tolland,09,09013
312,Connecticut,Windham,09,09015
313,Delaware,Kent,10,10001
314,Delaware,New Castle,10,10003
315,Delaware,Sussex,10,10005
316,District of Columbia,District of Columbia,11,11001
317,District of Columbia,Montgomery,11,11031
318,Florida,Alachua,12,12001
319,Florida,Baker,12,12003
320,Florida,Bay,12,12005
321,Florida,Bradford,12,12007
322,Florida,Brevard,12,12009
323,Florida,Broward,12,12011
324,Florida,Calhoun,12,12013
325,Florida,Charlotte,12,12015
326,Florida,Citrus,12,12017
327,Florida,Clay,12,12019
328,Florida,Collier,12,12021
329,Florida,Columbia,12,12023
330,Florida,De Soto,12,12027
331,Florida,Dixie,12,12029
332,Florida,Duval,12,12031
333,Florida,Escambia,12,12033
334,Florida,Flagler,12,12035
335,Florida,Franklin,12,12037
336,Florida,Gadsden,12,12039
337,Florida,Gilchrist,12,12041
338,Florida,Glades,12,12043
339,Florida,Gulf,12,12045
340,Florida,Hamilton,12,12047
341,Florida,Hardee,12,12049
342,Florida,Hendry,12,12051
343,Florida,Hernando,12,12053
344,Florida,Highlands,12,12055
345,Florida,Hillsborough,12,12057
346,Florida,Holmes,12,12059
347,Florida,Indian River,12,12061
348,Florida,Jackson,12,12063
349,Florida,Jefferson,12,12065
350,Florida,Lafayette,12,12067
351,Florida,Lake,12,12069
352,Florida,Lee,12,12071
353,Florida,Leon,12,12073
354,Florida,Levy,12,12075
355,Florida,Liberty,12,12077
356,Florida,Madison,12,12079
357,Florida,Manatee,12,12081
358,Florida,Marion,12,12083
359,Florida,Martin,12,12085
360,Florida,Miami-Dade,12,12086
361,Florida,Monroe,12,12087
362,Florida,Nassau,12,12089
363,Florida,Okaloosa,12,12091
364,Florida,Okeechobee,12,12093
365,Florida,Orange,12,12095
366,Florida,Osceola,12,12097
367,Florida,Palm Beach,12,12099
368,Florida,Pasco,12,12101
369,Florida,Pinellas,12,12103
370,Florida,Polk,12,12105
371,Florida,Putnam,12,12107
372,Florida,St Johns,12,12109
373,Florida,St Lucie,12,12111
374,Florida,Santa Rosa,12,12113
375,Florida,Sarasota,12,12115
376,Florida,Seminole,12,12117
377,Florida,Sumter,12,12119
378,Florida,Suwannee,12,12121
379,Florida,Taylor,12,12123
380,Florida,Union,12,12125
381,Florida,Volusia,12,12127
382,Florida,Wakulla,12,12129
383,Florida,Walton,12,12131
384,Florida,Washington,12,12133
385,Georgia,Appling,13,13001
386,Georgia,Atkinson,13,13003
387,Georgia,Bacon,13,13005
388,Georgia,Baker,13,13007
389,Georgia,Baldwin,13,13009
390,Georgia,Banks,13,13011
391,Georgia,Barrow,13,13013
392,Georgia,Bartow,13,13015
393,Georgia,Ben Hill,13,13017
394,Georgia,Berrien,13,13019
395,Georgia,Bibb,13,13021
396,Georgia,Bleckley,13,13023
397,Georgia,Brantley,13,13025
398,Georgia,Brooks,13,13027
399,Georgia,Bryan,13,13029
400,Georgia,Bulloch,13,13031
401,Georgia,Burke,13,13033
402,Georgia,Butts,13,13035
403,Georgia,Calhoun,13,13037
404,Georgia,Camden,13,13039
405,Georgia,Candler,13,13043
406,Georgia,Carroll,13,13045
407,Georgia,Catoosa,13,13047
408,Georgia,Charlton,13,13049
409,Georgia,Chatham,13,13051
410,Georgia,Chattahoochee,13,13053
411,Georgia,Chattooga,13,13055
412,Georgia,Cherokee,13,13057
413,Georgia,Clarke,13,13059
414,Georgia,Clay,13,13061
415,Georgia,Clayton,13,13063
416,Georgia,Clinch,13,13065
417,Georgia,Cobb,13,13067
418,Georgia,Coffee,13,13069
419,Georgia,Colquitt,13,13071
420,Georgia,Columbia,13,13073
421,Georgia,Cook,13,13075
422,Georgia,Coweta,13,13077
423,Georgia,Crawford,13,13079
424,Georgia,Crisp,13,13081
425,Georgia,Dade,13,13083
426,Georgia,Dawson,13,13085
427,Georgia,Decatur,13,13087
428,Georgia,De Kalb,13,13089
429,Georgia,Dodge,13,13091
430,Georgia,Dooly,13,13093
431,Georgia,Dougherty,13,13095
432,Georgia,Douglas,13,13097
433,Georgia,Early,13,13099
434,Georgia,Echols,13,13101
435,Georgia,Effingham,13,13103
436,Georgia,Elbert,13,13105
437,Georgia,Emanuel,13,13107
438,Georgia,Evans,13,13109
439,Georgia,Fannin,13,13111
440,Georgia,Fayette,13,13113
441,Georgia,Floyd,13,13115
442,Georgia,Forsyth,13,13117
443,Georgia,Franklin,13,13119
444,Georgia,Fulton,13,13121
445,Georgia,Gilmer,13,13123
446,Georgia,Glascock,13,13125
447,Georgia,Glynn,13,13127
448,Georgia,Gordon,13,13129
449,Georgia,Grady,13,13131
450,Georgia,Greene,13,13133
451,Georgia,Gwinnett,13,13135
452,Georgia,Habersham,13,13137
453,Georgia,Hall,13,13139
454,Georgia,Hancock,13,13141
455,Georgia,Haralson,13,13143
456,Georgia,Harris,13,13145
457,Georgia,Hart,13,13147
458,Georgia,Heard,13,13149
459,Georgia,Henry,13,13151
460,Georgia,Houston,13,13153
461,Georgia,Irwin,13,13155
462,Georgia,Jackson,13,13157
463,Georgia,Jasper,13,13159
464,Georgia,Jeff Davis,13,13161
465,Georgia,Jefferson,13,13163
466,Georgia,Jenkins,13,13165
467,Georgia,Johnson,13,13167
468,Georgia,Jones,13,13169
469,Georgia,Lamar,13,13171
470,Georgia,Lanier,13,13173
471,Georgia,Laurens,13,13175
472,Georgia,Lee,13,13177
473,Georgia,Liberty,13,13179
474,Georgia,Lincoln,13,13181
475,Georgia,Long,13,13183
476,Georgia,Lowndes,13,13185
477,Georgia,Lumpkin,13,13187
478,Georgia,McDuffie,13,13189
479,Georgia,McIntosh,13,13191
480,Georgia,Macon,13,13193
481,Georgia,Madison,13,13195
482,Georgia,Marion,13,13197
483,Georgia,Meriwether,13,13199
484,Georgia,Miller,13,13201
485,Georgia,Mitchell,13,13205
486,Georgia,Monroe,13,13207
487,Georgia,Montgomery,13,13209
488,Georgia,Morgan,13,13211
489,Georgia,Murray,13,13213
490,Georgia,Muscogee,13,13215
491,Georgia,Newton,13,13217
492,Georgia,Oconee,13,13219
493,Georgia,Oglethorpe,13,13221
494,Georgia,Paulding,13,13223
495,Georgia,Peach,13,13225
496,Georgia,Pickens,13,13227
497,Georgia,Pierce,13,13229
498,Georgia,Pike,13,13231
499,Georgia,Polk,13,13233
500,Georgia,Pulaski,13,13235
501,Georgia,Putnam,13,13237
502,Georgia,Quitman,13,13239
503,Georgia,Rabun,13,13241
504,Georgia,Randolph,13,13243
505,Georgia,Richmond,13,13245
506,Georgia,Rockdale,13,13247
507,Georgia,Schley,13,13249
508,Georgia,Screven,13,13251
509,Georgia,Seminole,13,13253
510,Georgia,Spalding,13,13255
511,Georgia,Stephens,13,13257
512,Georgia,Stewart,13,13259
513,Georgia,Sumter,13,13261
514,Georgia,Talbot,13,13263
515,Georgia,Taliaferro,13,13265
516,Georgia,Tattnall,13,13267
517,Georgia,Taylor,13,13269
518,Georgia,Telfair,13,13271
519,Georgia,Terrell,13,13273
520,Georgia,Thomas,13,13275
521,Georgia,Tift,13,13277
522,Georgia,Toombs,13,13279
523,Georgia,Towns,13,13281
524,Georgia,Treutlen,13,13283
525,Georgia,Troup,13,13285
526,Georgia,Turner,13,13287
527,Georgia,Twiggs,13,13289
528,Georgia,Union,13,13291
529,Georgia,Upson,13,13293
530,Georgia,Walker,13,13295
531,Georgia,Walton,13,13297
532,Georgia,Ware,13,13299
533,Georgia,Warren,13,13301
534,Georgia,Washington,13,13303
535,Georgia,Wayne,13,13305
536,Georgia,Webster,13,13307
537,Georgia,Wheeler,13,13309
538,Georgia,White,13,13311
539,Georgia,Whitfield,13,13313
540,Georgia,Wilcox,13,13315
541,Georgia,Wilkes,13,13317
542,Georgia,Wilkinson,13,13319
543,Georgia,Worth,13,13321
544,Hawaii,Hawaii,15,15001
545,Hawaii,Honolulu,15,15003
546,Hawaii,Kauai,15,15007
547,Hawaii,Maui,15,15009
548,Idaho,Ada,16,16001
549,Idaho,Adams,16,16003
550,Idaho,Bannock,16,16005
551,Idaho,Bear Lake,16,16007
552,Idaho,Benewah,16,16009
553,Idaho,Bingham,16,16011
554,Idaho,Blaine,16,16013
555,Idaho,Boise,16,16015
556,Idaho,Bonner,16,16017
557,Idaho,Bonneville,16,16019
558,Idaho,Boundary,16,16021
559,Idaho,Butte,16,16023
560,Idaho,Camas,16,16025
561,Idaho,Canyon,16,16027
562,Idaho,Caribou,16,16029
563,Idaho,Cassia,16,16031
564,Idaho,Clark,16,16033
565,Idaho,Clearwater,16,16035
566,Idaho,Custer,16,16037
567,Idaho,Elmore,16,16039
568,Idaho,Franklin,16,16041
569,Idaho,Fremont,16,16043
570,Idaho,Gem,16,16045
571,Idaho,Gooding,16,16047
572,Idaho,Idaho,16,16049
573,Idaho,Jefferson,16,16051
574,Idaho,Jerome,16,16053
575,Idaho,Kootenai,16,16055
576,Idaho,Latah,16,16057
577,Idaho,Lemhi,16,16059
578,Idaho,Lewis,16,16061
579,Idaho,Lincoln,16,16063
580,Idaho,Madison,16,16065
581,Idaho,Minidoka,16,16067
582,Idaho,Nez Perce,16,16069
583,Idaho,Oneida,16,16071
584,Idaho,Owyhee,16,16073
585,Idaho,Payette,16,16075
586,Idaho,Power,16,16077
587,Idaho,Shoshone,16,16079
588,Idaho,Teton,16,16081
589,Idaho,Twin Falls,16,16083
590,Idaho,Valley,16,16085
591,Idaho,Washington,16,16087
592,Illinois,Adams,17,17001
593,Illinois,Alexander,17,17003
594,Illinois,Bond,17,17005
595,Illinois,Boone,17,17007
596,Illinois,Brown,17,17009
597,Illinois,Bureau,17,17011
598,Illinois,Calhoun,17,17013
599,Illinois,Carroll,17,17015
600,Illinois,Cass,17,17017
601,Illinois,Champaign,17,17019
602,Illinois,Christian,17,17021
603,Illinois,Clark,17,17023
604,Illinois,Clay,17,17025
605,Illinois,Clinton,17,17027
606,Illinois,Coles,17,17029
607,Illinois,Cook,17,17031
608,Illinois,Crawford,17,17033
609,Illinois,Cumberland,17,17035
610,Illinois,De Kalb,17,17037
611,Illinois,Dewitt,17,17039
612,Illinois,Douglas,17,17041
613,Illinois,Du Page,17,17043
614,Illinois,Edgar,17,17045
615,Illinois,Edwards,17,17047
616,Illinois,Effingham,17,17049
617,Illinois,Fayette,17,17051
618,Illinois,Ford,17,17053
619,Illinois,Franklin,17,17055
620,Illinois,Fulton,17,17057
621,Illinois,Gallatin,17,17059
622,Illinois,Greene,17,17061
623,Illinois,Grundy,17,17063
624,Illinois,Hamilton,17,17065
625,Illinois,Hancock,17,17067
626,Illinois,Hardin,17,17069
627,Illinois,Henderson,17,17071
628,Illinois,Henry,17,17073
629,Illinois,Iroquois,17,17075
630,Illinois,Jackson,17,17077
631,Illinois,Jasper,17,17079
632,Illinois,Jefferson,17,17081
633,Illinois,Jersey,17,17083
634,Illinois,Jo Daviess,17,17085
635,Illinois,Johnson,17,17087
636,Illinois,Kane,17,17089
637,Illinois,Kankakee,17,17091
638,Illinois,Kendall,17,17093
639,Illinois,Knox,17,17095
640,Illinois,Lake,17,17097
641,Illinois,La Salle,17,17099
642,Illinois,Lawrence,17,17101
643,Illinois,Lee,17,17103
644,Illinois,Livingston,17,17105
645,Illinois,Logan,17,17107
646,Illinois,McDonough,17,17109
647,Illinois,McHenry,17,17111
648,Illinois,Mclean,17,17113
649,Illinois,Macon,17,17115
650,Illinois,Macoupin,17,17117
651,Illinois,Madison,17,17119
652,Illinois,Marion,17,17121
653,Illinois,Marshall,17,17123
654,Illinois,Mason,17,17125
655,Illinois,Massac,17,17127
656,Illinois,Menard,17,17129
657,Illinois,Mercer,17,17131
658,Illinois,Monroe,17,17133
659,Illinois,Montgomery,17,17135
660,Illinois,Morgan,17,17137
661,Illinois,Moultrie,17,17139
662,Illinois,Ogle,17,17141
663,Illinois,Peoria,17,17143
664,Illinois,Perry,17,17145
665,Illinois,Piatt,17,17147
666,Illinois,Pike,17,17149
667,Illinois,Pope,17,17151
668,Illinois,Pulaski,17,17153
669,Illinois,Putnam,17,17155
670,Illinois,Randolph,17,17157
671,Illinois,Richland,17,17159
672,Illinois,Rock Island,17,17161
673,Illinois,St Clair,17,17163
674,Illinois,Saline,17,17165
675,Illinois,Sangamon,17,17167
676,Illinois,Schuyler,17,17169
677,Illinois,Scott,17,17171
678,Illinois,Shelby,17,17173
679,Illinois,Stark,17,17175
680,Illinois,Stephenson,17,17177
681,Illinois,Tazewell,17,17179
682,Illinois,Union,17,17181
683,Illinois,Vermilion,17,17183
684,Illinois,Wabash,17,17185
685,Illinois,Warren,17,17187
686,Illinois,Washington,17,17189
687,Illinois,Wayne,17,17191
688,Illinois,White,17,17193
689,Illinois,Whiteside,17,17195
690,Illinois,Will,17,17197
691,Illinois,Williamson,17,17199
692,Illinois,Winnebago,17,17201
693,Illinois,Woodford,17,17203
694,Indiana,Adams,18,18001
695,Indiana,Allen,18,18003
696,Indiana,Bartholomew,18,18005
697,Indiana,Benton,18,18007
698,Indiana,Blackford,18,18009
699,Indiana,Boone,18,18011
700,Indiana,Brown,18,18013
701,Indiana,Carroll,18,18015
702,Indiana,Cass,18,18017
703,Indiana,Clark,18,18019
704,Indiana,Clay,18,18021
705,Indiana,Clinton,18,18023
706,Indiana,Crawford,18,18025
707,Indiana,Daviess,18,18027
708,Indiana,Dearborn,18,18029
709,Indiana,Decatur,18,18031
710,Indiana,De Kalb,18,18033
711,Indiana,Delaware,18,18035
712,Indiana,Dubois,18,18037
713,Indiana,Elkhart,18,18039
714,Indiana,Fayette,18,18041
715,Indiana,Floyd,18,18043
716,Indiana,Fountain,18,18045
717,Indiana,Franklin,18,18047
718,Indiana,Fulton,18,18049
719,Indiana,Gibson,18,18051
720,Indiana,Grant,18,18053
721,Indiana,Greene,18,18055
722,Indiana,Hamilton,18,18057
723,Indiana,Hancock,18,18059
724,Indiana,Harrison,18,18061
725,Indiana,Hendricks,18,18063
726,Indiana,Henry,18,18065
727,Indiana,Howard,18,18067
728,Indiana,Huntington,18,18069
729,Indiana,Jackson,18,18071
730,Indiana,Jasper,18,18073
731,Indiana,Jay,18,18075
732,Indiana,Jefferson,18,18077
733,Indiana,Jennings,18,18079
734,Indiana,Johnson,18,18081
735,Indiana,Knox,18,18083
736,Indiana,Kosciusko,18,18085
737,Indiana,Lagrange,18,18087
738,Indiana,Lake,18,18089
739,Indiana,La Porte,18,18091
740,Indiana,Lawrence,18,18093
741,Indiana,Madison,18,18095
742,Indiana,Marion,18,18097
743,Indiana,Marshall,18,18099
744,Indiana,Martin,18,18101
745,Indiana,Miami,18,18103
746,Indiana,Monroe,18,18105
747,Indiana,Montgomery,18,18107
748,Indiana,Morgan,18,18109
749,Indiana,Newton,18,18111
750,Indiana,Noble,18,18113
751,Indiana,Ohio,18,18115
752,Indiana,Orange,18,18117
753,Indiana,Owen,18,18119
754,Indiana,Parke,18,18121
755,Indiana,Perry,18,18123
756,Indiana,Pike,18,18125
757,Indiana,Porter,18,18127
758,Indiana,Posey,18,18129
759,Indiana,Pulaski,18,18131
760,Indiana,Putnam,18,18133
761,Indiana,Randolph,18,18135
762,Indiana,Ripley,18,18137
763,Indiana,Rush,18,18139
764,Indiana,St Joseph,18,18141
765,Indiana,Scott,18,18143
766,Indiana,Shelby,18,18145
767,Indiana,Spencer,18,18147
768,Indiana,Starke,18,18149
769,Indiana,Steuben,18,18151
770,Indiana,Sullivan,18,18153
771,Indiana,Switzerland,18,18155
772,Indiana,Tippecanoe,18,18157
773,Indiana,Tipton,18,18159
774,Indiana,Union,18,18161
775,Indiana,Vanderburgh,18,18163
776,Indiana,Vermillion,18,18165
777,Indiana,Vigo,18,18167
778,Indiana,Wabash,18,18169
779,Indiana,Warren,18,18171
780,Indiana,Warrick,18,18173
781,Indiana,Washington,18,18175
782,Indiana,Wayne,18,18177
783,Indiana,Wells,18,18179
784,Indiana,White,18,18181
785,Indiana,Whitley,18,18183
786,Iowa,Adair,19,19001
787,Iowa,Adams,19,19003
788,Iowa,Allamakee,19,19005
789,Iowa,Appanoose,19,19007
790,Iowa,Audubon,19,19009
791,Iowa,Benton,19,19011
792,Iowa,Black Hawk,19,19013
793,Iowa,Boone,19,19015
794,Iowa,Bremer,19,19017
795,Iowa,Buchanan,19,19019
796,Iowa,Buena Vista,19,19021
797,Iowa,Butler,19,19023
798,Iowa,Calhoun,19,19025
799,Iowa,Carroll,19,19027
800,Iowa,Cass,19,19029
801,Iowa,Cedar,19,19031
802,Iowa,Cerro Gordo,19,19033
803,Iowa,Cherokee,19,19035
804,Iowa,Chickasaw,19,19037
805,Iowa,Clarke,19,19039
806,Iowa,Clay,19,19041
807,Iowa,Clayton,19,19043
808,Iowa,Clinton,19,19045
809,Iowa,Crawford,19,19047
810,Iowa,Dallas,19,19049
811,Iowa,Davis,19,19051
812,Iowa,Decatur,19,19053
813,Iowa,Delaware,19,19055
814,Iowa,Des Moines,19,19057
815,Iowa,Dickinson,19,19059
816,Iowa,Dubuque,19,19061
817,Iowa,Emmet,19,19063
818,Iowa,Fayette,19,19065
819,Iowa,Floyd,19,19067
820,Iowa,Franklin,19,19069
821,Iowa,Fremont,19,19071
822,Iowa,Greene,19,19073
823,Iowa,Grundy,19,19075
824,Iowa,Guthrie,19,19077
825,Iowa,Hamilton,19,19079
826,Iowa,Hancock,19,19081
827,Iowa,Hardin,19,19083
828,Iowa,Harrison,19,19085
829,Iowa,Henry,19,19087
830,Iowa,Howard,19,19089
831,Iowa,Humboldt,19,19091
832,Iowa,Ida,19,19093
833,Iowa,Iowa,19,19095
834,Iowa,Jackson,19,19097
835,Iowa,Jasper,19,19099
836,Iowa,Jefferson,19,19101
837,Iowa,Johnson,19,19103
838,Iowa,Jones,19,19105
839,Iowa,Keokuk,19,19107
840,Iowa,Kossuth,19,19109
841,Iowa,Lee,19,19111
842,Iowa,Linn,19,19113
843,Iowa,Louisa,19,19115
844,Iowa,Lucas,19,19117
845,Iowa,Lyon,19,19119
846,Iowa,Madison,19,19121
847,Iowa,Mahaska,19,19123
848,Iowa,Marion,19,19125
849,Iowa,Marshall,19,19127
850,Iowa,Mills,19,19129
851,Iowa,Mitchell,19,19131
852,Iowa,Monona,19,19133
853,Iowa,Monroe,19,19135
854,Iowa,Montgomery,19,19137
855,Iowa,Muscatine,19,19139
856,Iowa,Obrien,19,19141
857,Iowa,Osceola,19,19143
858,Iowa,Page,19,19145
859,Iowa,Palo Alto,19,19147
860,Iowa,Plymouth,19,19149
861,Iowa,Pocahontas,19,19151
862,Iowa,Polk,19,19153
863,Iowa,Pottawattamie,19,19155
864,Iowa,Poweshiek,19,19157
865,Iowa,Ringgold,19,19159
866,Iowa,Sac,19,19161
867,Iowa,Scott,19,19163
868,Iowa,Shelby,19,19165
869,Iowa,Sioux,19,19167
870,Iowa,Story,19,19169
871,Iowa,Tama,19,19171
872,Iowa,Taylor,19,19173
873,Iowa,Union,19,19175
874,Iowa,Van Buren,19,19177
875,Iowa,Wapello,19,19179
876,Iowa,Warren,19,19181
877,Iowa,Washington,19,19183
878,Iowa,Wayne,19,19185
879,Iowa,Webster,19,19187
880,Iowa,Winnebago,19,19189
881,Iowa,Winneshiek,19,19191
882,Iowa,Woodbury,19,19193
883,Iowa,Worth,19,19195
884,Iowa,Wright,19,19197
885,Kansas,Allen,20,20001
886,Kansas,Anderson,20,20003
887,Kansas,Atchison,20,20005
888,Kansas,Barber,20,20007
889,Kansas,Barton,20,20009
890,Kansas,Bourbon,20,20011
891,Kansas,Brown,20,20013
892,Kansas,Butler,20,20015
893,Kansas,Chase,20,20017
894,Kansas,Chautauqua,20,20019
895,Kansas,Cherokee,20,20021
896,Kansas,Cheyenne,20,20023
897,Kansas,Clark,20,20025
898,Kansas,Clay,20,20027
899,Kansas,Cloud,20,20029
900,Kansas,Coffey,20,20031
901,Kansas,Comanche,20,20033
902,Kansas,Cowley,20,20035
903,Kansas,Crawford,20,20037
904,Kansas,Decatur,20,20039
905,Kansas,Dickinson,20,20041
906,Kansas,Doniphan,20,20043
907,Kansas,Douglas,20,20045
908,Kansas,Edwards,20,20047
909,Kansas,Elk,20,20049
910,Kansas,Ellis,20,20051
911,Kansas,Ellsworth,20,20053
912,Kansas,Finney,20,20055
913,Kansas,Ford,20,20057
914,Kansas,Franklin,20,20059
915,Kansas,Geary,20,20061
916,Kansas,Gove,20,20063
917,Kansas,Graham,20,20065
918,Kansas,Grant,20,20067
919,Kansas,Gray,20,20069
920,Kansas,Greeley,20,20071
921,Kansas,Greenwood,20,20073
922,Kansas,Hamilton,20,20075
923,Kansas,Harper,20,20077
924,Kansas,Harvey,20,20079
925,Kansas,Haskell,20,20081
926,Kansas,Hodgeman,20,20083
927,Kansas,Jackson,20,20085
928,Kansas,Jefferson,20,20087
929,Kansas,Jewell,20,20089
930,Kansas,Johnson,20,20091
931,Kansas,Kearny,20,20093
932,Kansas,Kingman,20,20095
933,Kansas,Kiowa,20,20097
934,Kansas,Labette,20,20099
935,Kansas,Lane,20,20101
936,Kansas,Leavenworth,20,20103
937,Kansas,Lincoln,20,20105
938,Kansas,Linn,20,20107
939,Kansas,Logan,20,20109
940,Kansas,Lyon,20,20111
941,Kansas,McPherson,20,20113
942,Kansas,Marion,20,20115
943,Kansas,Marshall,20,20117
944,Kansas,Meade,20,20119
945,Kansas,Miami,20,20121
946,Kansas,Mitchell,20,20123
947,Kansas,Montgomery,20,20125
948,Kansas,Morris,20,20127
949,Kansas,Morton,20,20129
950,Kansas,Nemaha,20,20131
951,Kansas,Neosho,20,20133
952,Kansas,Ness,20,20135
953,Kansas,Norton,20,20137
954,Kansas,Osage,20,20139
955,Kansas,Osborne,20,20141
956,Kansas,Ottawa,20,20143
957,Kansas,Pawnee,20,20145
958,Kansas,Phillips,20,20147
959,Kansas,Pottawatomie,20,20149
960,Kansas,Pratt,20,20151
961,Kansas,Rawlins,20,20153
962,Kansas,Reno,20,20155
963,Kansas,Republic,20,20157
964,Kansas,Rice,20,20159
965,Kansas,Riley,20,20161
966,Kansas,Rooks,20,20163
967,Kansas,Rush,20,20165
968,Kansas,Russell,20,20167
969,Kansas,Saline,20,20169
970,Kansas,Scott,20,20171
971,Kansas,Sedgwick,20,20173
972,Kansas,Seward,20,20175
973,Kansas,Shawnee,20,20177
974,Kansas,Sheridan,20,20179
975,Kansas,Sherman,20,20181
976,Kansas,Smith,20,20183
977,Kansas,Stafford,20,20185
978,Kansas,Stanton,20,20187
979,Kansas,Stevens,20,20189
980,Kansas,Sumner,20,20191
981,Kansas,Thomas,20,20193
982,Kansas,Trego,20,20195
983,Kansas,Wabaunsee,20,20197
984,Kansas,Wallace,20,20199
985,Kansas,Washington,20,20201
986,Kansas,Wichita,20,20203
987,Kansas,Wilson,20,20205
988,Kansas,Woodson,20,20207
989,Kansas,Wyandotte,20,20209
990,Kentucky,Adair,21,21001
991,Kentucky,Allen,21,21003
992,Kentucky,Anderson,21,21005
993,Kentucky,Ballard,21,21007
994,Kentucky,Barren,21,21009
995,Kentucky,Bath,21,21011
996,Kentucky,Bell,21,21013
997,Kentucky,Boone,21,21015
998,Kentucky,Bourbon,21,21017
999,Kentucky,Boyd,21,21019
1000,Kentucky,Boyle,21,21021
1001,Kentucky,Bracken,21,21023
1002,Kentucky,Breathitt,21,21025
1003,Kentucky,Breckinridge,21,21027
1004,Kentucky,Bullitt,21,21029
1005,Kentucky,Butler,21,21031
1006,Kentucky,Caldwell,21,21033
1007,Kentucky,Calloway,21,21035
1008,Kentucky,Campbell,21,21037
1009,Kentucky,Carlisle,21,21039
1010,Kentucky,Carroll,21,21041
1011,Kentucky,Carter,21,21043
1012,Kentucky,Casey,21,21045
1013,Kentucky,Christian,21,21047
1014,Kentucky,Clark,21,21049
1015,Kentucky,Clay,21,21051
1016,Kentucky,Clinton,21,21053
1017,Kentucky,Crittenden,21,21055
1018,Kentucky,Cumberland,21,21057
1019,Kentucky,Daviess,21,21059
1020,Kentucky,Edmonson,21,21061
1021,Kentucky,Elliott,21,21063
1022,Kentucky,Estill,21,21065
1023,Kentucky,Fayette,21,21067
1024,Kentucky,Fleming,21,21069
1025,Kentucky,Floyd,21,21071
1026,Kentucky,Franklin,21,21073
1027,Kentucky,Fulton,21,21075
1028,Kentucky,Gallatin,21,21077
1029,Kentucky,Garrard,21,21079
1030,Kentucky,Grant,21,21081
1031,Kentucky,Graves,21,21083
1032,Kentucky,Grayson,21,21085
1033,Kentucky,Green,21,21087
1034,Kentucky,Greenup,21,21089
1035,Kentucky,Hancock,21,21091
1036,Kentucky,Hardin,21,21093
1037,Kentucky,Harlan,21,21095
1038,Kentucky,Harrison,21,21097
1039,Kentucky,Hart,21,21099
1040,Kentucky,Henderson,21,21101
1041,Kentucky,Henry,21,21103
1042,Kentucky,Hickman,21,21105
1043,Kentucky,Hopkins,21,21107
1044,Kentucky,Jackson,21,21109
1045,Kentucky,Jefferson,21,21111
1046,Kentucky,Jessamine,21,21113
1047,Kentucky,Johnson,21,21115
1048,Kentucky,Kenton,21,21117
1049,Kentucky,Knott,21,21119
1050,Kentucky,Knox,21,21121
1051,Kentucky,Larue,21,21123
1052,Kentucky,Laurel,21,21125
1053,Kentucky,Lawrence,21,21127
1054,Kentucky,Lee,21,21129
1055,Kentucky,Leslie,21,21131
1056,Kentucky,Letcher,21,21133
1057,Kentucky,Lewis,21,21135
1058,Kentucky,Lincoln,21,21137
1059,Kentucky,Livingston,21,21139
1060,Kentucky,Logan,21,21141
1061,Kentucky,Lyon,21,21143
1062,Kentucky,McCracken,21,21145
1063,Kentucky,McCreary,21,21147
1064,Kentucky,Mclean,21,21149
1065,Kentucky,Madison,21,21151
1066,Kentucky,Magoffin,21,21153
1067,Kentucky,Marion,21,21155
1068,Kentucky,Marshall,21,21157
1069,Kentucky,Martin,21,21159
1070,Kentucky,Mason,21,21161
1071,Kentucky,Meade,21,21163
1072,Kentucky,Menifee,21,21165
1073,Kentucky,Mercer,21,21167
1074,Kentucky,Metcalfe,21,21169
1075,Kentucky,Monroe,21,21171
1076,Kentucky,Montgomery,21,21173
1077,Kentucky,Morgan,21,21175
1078,Kentucky,Muhlenberg,21,21177
1079,Kentucky,Nelson,21,21179
1080,Kentucky,Nicholas,21,21181
1081,Kentucky,Ohio,21,21183
1082,Kentucky,Oldham,21,21185
1083,Kentucky,Owen,21,21187
1084,Kentucky,Owsley,21,21189
1085,Kentucky,Pendleton,21,21191
1086,Kentucky,Perry,21,21193
1087,Kentucky,Pike,21,21195
1088,Kentucky,Powell,21,21197
1089,Kentucky,Pulaski,21,21199
1090,Kentucky,Robertson,21,21201
1091,Kentucky,Rockcastle,21,21203
1092,Kentucky,Rowan,21,21205
1093,Kentucky,Russell,21,21207
1094,Kentucky,Scott,21,21209
1095,Kentucky,Shelby,21,21211
1096,Kentucky,Simpson,21,21213
1097,Kentucky,Spencer,21,21215
1098,Kentucky,Taylor,21,21217
1099,Kentucky,Todd,21,21219
1100,Kentucky,Trigg,21,21221
1101,Kentucky,Trimble,21,21223
1102,Kentucky,Union,21,21225
1103,Kentucky,Warren,21,21227
1104,Kentucky,Washington,21,21229
1105,Kentucky,Wayne,21,21231
1106,Kentucky,Webster,21,21233
1107,Kentucky,Whitley,21,21235
1108,Kentucky,Wolfe,21,21237
1109,Kentucky,Woodford,21,21239
1110,Louisiana,Acadia,22,22001
1111,Louisiana,Allen,22,22003
1112,Louisiana,Ascension,22,22005
1113,Louisiana,Assumption,22,22007
1114,Louisiana,Avoyelles,22,22009
1115,Louisiana,Beauregard,22,22011
1116,Louisiana,Bienville,22,22013
1117,Louisiana,Bossier,22,22015
1118,Louisiana,Caddo,22,22017
1119,Louisiana,Calcasieu,22,22019
1120,Louisiana,Caldwell,22,22021
1121,Louisiana,Cameron,22,22023
1122,Louisiana,Catahoula,22,22025
1123,Louisiana,Claiborne,22,22027
1124,Louisiana,Concordia,22,22029
1125,Louisiana,De Soto,22,22031
1126,Louisiana,East Baton Rouge,22,22033
1127,Louisiana,East Carroll,22,22035
1128,Louisiana,East Feliciana,22,22037
1129,Louisiana,Evangeline,22,22039
1130,Louisiana,Franklin,22,22041
1131,Louisiana,Grant,22,22043
1132,Louisiana,Iberia,22,22045
1133,Louisiana,Iberville,22,22047
1134,Louisiana,Jackson,22,22049
1135,Louisiana,Jefferson,22,22051
1136,Louisiana,Jefferson Davis,22,22053
1137,Louisiana,Lafayette,22,22055
1138,Louisiana,Lafourche,22,22057
1139,Louisiana,La Salle,22,22059
1140,Louisiana,Lincoln,22,22061
1141,Louisiana,Livingston,22,22063
1142,Louisiana,Madison,22,22065
1143,Louisiana,Morehouse,22,22067
1144,Louisiana,Natchitoches,22,22069
1145,Louisiana,Orleans,22,22071
1146,Louisiana,Ouachita,22,22073
1147,Louisiana,Plaquemines,22,22075
1148,Louisiana,Pointe Coupee,22,22077
1149,Louisiana,Rapides,22,22079
1150,Louisiana,Red River,22,22081
1151,Louisiana,Richland,22,22083
1152,Louisiana,Sabine,22,22085
1153,Louisiana,St Bernard,22,22087
1154,Louisiana,St Charles,22,22089
1155,Louisiana,St Helena,22,22091
1156,Louisiana,St James,22,22093
1157,Louisiana,St John The Baptist,22,22095
1158,Louisiana,St Landry,22,22097
1159,Louisiana,St Martin,22,22099
1160,Louisiana,St Mary,22,22101
1161,Louisiana,St Tammany,22,22103
1162,Louisiana,Tangipahoa,22,22105
1163,Louisiana,Tensas,22,22107
1164,Louisiana,Terrebonne,22,22109
1165,Louisiana,Union,22,22111
1166,Louisiana,Vermilion,22,22113
1167,Louisiana,Vernon,22,22115
1168,Louisiana,Washington,22,22117
1169,Louisiana,Webster,22,22119
1170,Louisiana,West Baton Rouge,22,22121
1171,Louisiana,West Carroll,22,22123
1172,Louisiana,West Feliciana,22,22125
1173,Louisiana,Winn,22,22127
1174,Maine,Androscoggin,23,23001
1175,Maine,Aroostook,23,23003
1176,Maine,Cumberland,23,23005
1177,Maine,Franklin,23,23007
1178,Maine,Hancock,23,23009
1179,Maine,Kennebec,23,23011
1180,Maine,Knox,23,23013
1181,Maine,Lincoln,23,23015
1182,Maine,Oxford,23,23017
1183,Maine,Penobscot,23,23019
1184,Maine,Piscataquis,23,23021
1185,Maine,Sagadahoc,23,23023
1186,Maine,Somerset,23,23025
1187,Maine,Waldo,23,23027
1188,Maine,Washington,23,23029
1189,Maine,York,23,23031
1190,Maryland,Allegany,24,24001
1191,Maryland,Anne Arundel,24,24003
1192,Maryland,Baltimore,24,24005
1193,Maryland,Calvert,24,24009
1194,Maryland,Caroline,24,24011
1195,Maryland,Carroll,24,24013
1196,Maryland,Cecil,24,24015
1197,Maryland,Charles,24,24017
1198,Maryland,Dorchester,24,24019
1199,Maryland,Frederick,24,24021
1200,Maryland,Garrett,24,24023
1201,Maryland,Harford,24,24025
1202,Maryland,Howard,24,24027
1203,Maryland,Kent,24,24029
1204,Maryland,Montgomery,24,24031
1205,Maryland,Prince Georges,24,24033
1206,Maryland,Queen Annes,24,24035
1207,Maryland,St Marys,24,24037
1208,Maryland,Somerset,24,24039
1209,Maryland,Talbot,24,24041
1210,Maryland,Washington,24,24043
1211,Maryland,Wicomico,24,24045
1212,Maryland,Worcester,24,24047
1213,Maryland,Baltimore City,24,24510
1214,Massachusetts,Barnstable,25,25001
1215,Massachusetts,Berkshire,25,25003
1216,Massachusetts,Bristol,25,25005
1217,Massachusetts,Dukes,25,25007
1218,Massachusetts,Essex,25,25009
1219,Massachusetts,Franklin,25,25011
1220,Massachusetts,Hampden,25,25013
1221,Massachusetts,Hampshire,25,25015
1222,Massachusetts,Middlesex,25,25017
1223,Massachusetts,Nantucket,25,25019
1224,Massachusetts,Norfolk,25,25021
1225,Massachusetts,Plymouth,25,25023
1226,Massachusetts,Suffolk,25,25025
1227,Massachusetts,Worcester,25,25027
1228,Michigan,Alcona,26,26001
1229,Michigan,Alger,26,26003
1230,Michigan,Allegan,26,26005
1231,Michigan,Alpena,26,26007
1232,Michigan,Antrim,26,26009
1233,Michigan,Arenac,26,26011
1234,Michigan,Baraga,26,26013
1235,Michigan,Barry,26,26015
1236,Michigan,Bay,26,26017
1237,Michigan,Benzie,26,26019
1238,Michigan,Berrien,26,26021
1239,Michigan,Branch,26,26023
1240,Michigan,Calhoun,26,26025
1241,Michigan,Cass,26,26027
1242,Michigan,Charlevoix,26,26029
1243,Michigan,Cheboygan,26,26031
1244,Michigan,Chippewa,26,26033
1245,Michigan,Clare,26,26035
1246,Michigan,Clinton,26,26037
1247,Michigan,Crawford,26,26039
1248,Michigan,Delta,26,26041
1249,Michigan,Dickinson,26,26043
1250,Michigan,Eaton,26,26045
1251,Michigan,Emmet,26,26047
1252,Michigan,Genesee,26,26049
1253,Michigan,Gladwin,26,26051
1254,Michigan,Gogebic,26,26053
1255,Michigan,Grand Traverse,26,26055
1256,Michigan,Gratiot,26,26057
1257,Michigan,Hillsdale,26,26059
1258,Michigan,Houghton,26,26061
1259,Michigan,Huron,26,26063
1260,Michigan,Ingham,26,26065
1261,Michigan,Ionia,26,26067
1262,Michigan,Iosco,26,26069
1263,Michigan,Iron,26,26071
1264,Michigan,Isabella,26,26073
1265,Michigan,Jackson,26,26075
1266,Michigan,Kalamazoo,26,26077
1267,Michigan,Kalkaska,26,26079
1268,Michigan,Kent,26,26081
1269,Michigan,Keweenaw,26,26083
1270,Michigan,Lake,26,26085
1271,Michigan,Lapeer,26,26087
1272,Michigan,Leelanau,26,26089
1273,Michigan,Lenawee,26,26091
1274,Michigan,Livingston,26,26093
1275,Michigan,Luce,26,26095
1276,Michigan,Mackinac,26,26097
1277,Michigan,Macomb,26,26099
1278,Michigan,Manistee,26,26101
1279,Michigan,Marquette,26,26103
1280,Michigan,Mason,26,26105
1281,Michigan,Mecosta,26,26107
1282,Michigan,Menominee,26,26109
1283,Michigan,Midland,26,26111
1284,Michigan,Missaukee,26,26113
1285,Michigan,Monroe,26,26115
1286,Michigan,Montcalm,26,26117
1287,Michigan,Montmorency,26,26119
1288,Michigan,Muskegon,26,26121
1289,Michigan,Newaygo,26,26123
1290,Michigan,Oakland,26,26125
1291,Michigan,Oceana,26,26127
1292,Michigan,Ogemaw,26,26129
1293,Michigan,Ontonagon,26,26131
1294,Michigan,Osceola,26,26133
1295,Michigan,Oscoda,26,26135
1296,Michigan,Otsego,26,26137
1297,Michigan,Ottawa,26,26139
1298,Michigan,Presque Isle,26,26141
1299,Michigan,Roscommon,26,26143
1300,Michigan,Saginaw,26,26145
1301,Michigan,St Clair,26,26147
1302,Michigan,St Joseph,26,26149
1303,Michigan,Sanilac,26,26151
1304,Michigan,Schoolcraft,26,26153
1305,Michigan,Shiawassee,26,26155
1306,Michigan,Tuscola,26,26157
1307,Michigan,Van Buren,26,26159
1308,Michigan,Washtenaw,26,26161
1309,Michigan,Wayne,26,26163
1310,Michigan,Wexford,26,26165
1311,Minnesota,Aitkin,27,27001
1312,Minnesota,Anoka,27,27003
1313,Minnesota,Becker,27,27005
1314,Minnesota,Beltrami,27,27007
1315,Minnesota,Benton,27,27009
1316,Minnesota,Big Stone,27,27011
1317,Minnesota,Blue Earth,27,27013
1318,Minnesota,Brown,27,27015
1319,Minnesota,Carlton,27,27017
1320,Minnesota,Carver,27,27019
1321,Minnesota,Cass,27,27021
1322,Minnesota,Chippewa,27,27023
1323,Minnesota,Chisago,27,27025
1324,Minnesota,Clay,27,27027
1325,Minnesota,Clearwater,27,27029
1326,Minnesota,Cook,27,27031
1327,Minnesota,Cottonwood,27,27033
1328,Minnesota,Crow Wing,27,27035
1329,Minnesota,Dakota,27,27037
1330,Minnesota,Dodge,27,27039
1331,Minnesota,Douglas,27,27041
1332,Minnesota,Faribault,27,27043
1333,Minnesota,Fillmore,27,27045
1334,Minnesota,Freeborn,27,27047
1335,Minnesota,Goodhue,27,27049
1336,Minnesota,Grant,27,27051
1337,Minnesota,Hennepin,27,27053
1338,Minnesota,Houston,27,27055
1339,Minnesota,Hubbard,27,27057
1340,Minnesota,Isanti,27,27059
1341,Minnesota,Itasca,27,27061
1342,Minnesota,Jackson,27,27063
1343,Minnesota,Kanabec,27,27065
1344,Minnesota,Kandiyohi,27,27067
1345,Minnesota,Kittson,27,27069
1346,Minnesota,Koochiching,27,27071
1347,Minnesota,Lac Qui Parle,27,27073
1348,Minnesota,Lake,27,27075
1349,Minnesota,Lake of The Woods,27,27077
1350,Minnesota,Le Sueur,27,27079
1351,Minnesota,Lincoln,27,27081
1352,Minnesota,Lyon,27,27083
1353,Minnesota,McLeod,27,27085
1354,Minnesota,Mahnomen,27,27087
1355,Minnesota,Marshall,27,27089
1356,Minnesota,Martin,27,27091
1357,Minnesota,Meeker,27,27093
1358,Minnesota,Mille Lacs,27,27095
1359,Minnesota,Morrison,27,27097
1360,Minnesota,Mower,27,27099
1361,Minnesota,Murray,27,27101
1362,Minnesota,Nicollet,27,27103
1363,Minnesota,Nobles,27,27105
1364,Minnesota,Norman,27,27107
1365,Minnesota,Olmsted,27,27109
1366,Minnesota,Otter Tail,27,27111
1367,Minnesota,Pennington,27,27113
1368,Minnesota,Pine,27,27115
1369,Minnesota,Pipestone,27,27117
1370,Minnesota,Polk,27,27119
1371,Minnesota,Pope,27,27121
1372,Minnesota,Ramsey,27,27123
1373,Minnesota,Red Lake,27,27125
1374,Minnesota,Redwood,27,27127
1375,Minnesota,Renville,27,27129
1376,Minnesota,Rice,27,27131
1377,Minnesota,Rock,27,27133
1378,Minnesota,Roseau,27,27135
1379,Minnesota,St Louis,27,27137
1380,Minnesota,Scott,27,27139
1381,Minnesota,Sherburne,27,27141
1382,Minnesota,Sibley,27,27143
1383,Minnesota,Stearns,27,27145
1384,Minnesota,Steele,27,27147
1385,Minnesota,Stevens,27,27149
1386,Minnesota,Swift,27,27151
1387,Minnesota,Todd,27,27153
1388,Minnesota,Traverse,27,27155
1389,Minnesota,Wabasha,27,27157
1390,Minnesota,Wadena,27,27159
1391,Minnesota,Waseca,27,27161
1392,Minnesota,Washington,27,27163
1393,Minnesota,Watonwan,27,27165
1394,Minnesota,Wilkin,27,27167
1395,Minnesota,Winona,27,27169
1396,Minnesota,Wright,27,27171
1397,Minnesota,Yellow Medicine,27,27173
1398,Mississippi,Adams,28,28001
1399,Mississippi,Alcorn,28,28003
1400,Mississippi,Amite,28,28005
1401,Mississippi,Attala,28,28007
1402,Mississippi,Benton,28,28009
1403,Mississippi,Bolivar,28,28011
1404,Mississippi,Calhoun,28,28013
1405,Mississippi,Carroll,28,28015
1406,Mississippi,Chickasaw,28,28017
1407,Mississippi,Choctaw,28,28019
1408,Mississippi,Claiborne,28,28021
1409,Mississippi,Clarke,28,28023
1410,Mississippi,Clay,28,28025
1411,Mississippi,Coahoma,28,28027
1412,Mississippi,Copiah,28,28029
1413,Mississippi,Covington,28,28031
1414,Mississippi,De Soto,28,28033
1415,Mississippi,Forrest,28,28035
1416,Mississippi,Franklin,28,28037
1417,Mississippi,George,28,28039
1418,Mississippi,Greene,28,28041
1419,Mississippi,Grenada,28,28043
1420,Mississippi,Hancock,28,28045
1421,Mississippi,Harrison,28,28047
1422,Mississippi,Hinds,28,28049
1423,Mississippi,Holmes,28,28051
1424,Mississippi,Humphreys,28,28053
1425,Mississippi,Issaquena,28,28055
1426,Mississippi,Itawamba,28,28057
1427,Mississippi,Jackson,28,28059
1428,Mississippi,Jasper,28,28061
1429,Mississippi,Jefferson,28,28063
1430,Mississippi,Jefferson Davis,28,28065
1431,Mississippi,Jones,28,28067
1432,Mississippi,Kemper,28,28069
1433,Mississippi,Lafayette,28,28071
1434,Mississippi,Lamar,28,28073
1435,Mississippi,Lauderdale,28,28075
1436,Mississippi,Lawrence,28,28077
1437,Mississippi,Leake,28,28079
1438,Mississippi,Lee,28,28081
1439,Mississippi,Leflore,28,28083
1440,Mississippi,Lincoln,28,28085
1441,Mississippi,Lowndes,28,28087
1442,Mississippi,Madison,28,28089
1443,Mississippi,Marion,28,28091
1444,Mississippi,Marshall,28,28093
1445,Mississippi,Monroe,28,28095
1446,Mississippi,Montgomery,28,28097
1447,Mississippi,Neshoba,28,28099
1448,Mississippi,Newton,28,28101
1449,Mississippi,Noxubee,28,28103
1450,Mississippi,Oktibbeha,28,28105
1451,Mississippi,Panola,28,28107
1452,Mississippi,Pearl River,28,28109
1453,Mississippi,Perry,28,28111
1454,Mississippi,Pike,28,28113
1455,Mississippi,Pontotoc,28,28115
1456,Mississippi,Prentiss,28,28117
1457,Mississippi,Quitman,28,28119
1458,Mississippi,Rankin,28,28121
1459,Mississippi,Scott,28,28123
1460,Mississippi,Sharkey,28,28125
1461,Mississippi,Simpson,28,28127
1462,Mississippi,Smith,28,28129
1463,Mississippi,Stone,28,28131
1464,Mississippi,Sunflower,28,28133
1465,Mississippi,Tallahatchie,28,28135
1466,Mississippi,Tate,28,28137
1467,Mississippi,Tippah,28,28139
1468,Mississippi,Tishomingo,28,28141
1469,Mississippi,Tunica,28,28143
1470,Mississippi,Union,28,28145
1471,Mississippi,Walthall,28,28147
1472,Mississippi,Warren,28,28149
1473,Mississippi,Washington,28,28151
1474,Mississippi,Wayne,28,28153
1475,Mississippi,Webster,28,28155
1476,Mississippi,Wilkinson,28,28157
1477,Mississippi,Winston,28,28159
1478,Mississippi,Yalobusha,28,28161
1479,Mississippi,Yazoo,28,28163
1480,Missouri,Adair,29,29001
1481,Missouri,Andrew,29,29003
1482,Missouri,Atchison,29,29005
1483,Missouri,Audrain,29,29007
1484,Missouri,Barry,29,29009
1485,Missouri,Barton,29,29011
1486,Missouri,Bates,29,29013
1487,Missouri,Benton,29,29015
1488,Missouri,Bollinger,29,29017
1489,Missouri,Boone,29,29019
1490,Missouri,Buchanan,29,29021
1491,Missouri,Butler,29,29023
1492,Missouri,Caldwell,29,29025
1493,Missouri,Callaway,29,29027
1494,Missouri,Camden,29,29029
1495,Missouri,Cape Girardeau,29,29031
1496,Missouri,Carroll,29,29033
1497,Missouri,Carter,29,29035
1498,Missouri,Cass,29,29037
1499,Missouri,Cedar,29,29039
1500,Missouri,Chariton,29,29041
1501,Missouri,Christian,29,29043
1502,Missouri,Clark,29,29045
1503,Missouri,Clay,29,29047
1504,Missouri,Clinton,29,29049
1505,Missouri,Cole,29,29051
1506,Missouri,Cooper,29,29053
1507,Missouri,Crawford,29,29055
1508,Missouri,Dade,29,29057
1509,Missouri,Dallas,29,29059
1510,Missouri,Daviess,29,29061
1511,Missouri,Dekalb,29,29063
1512,Missouri,Dent,29,29065
1513,Missouri,Douglas,29,29067
1514,Missouri,Dunklin,29,29069
1515,Missouri,Franklin,29,29071
1516,Missouri,Gasconade,29,29073
1517,Missouri,Gentry,29,29075
1518,Missouri,Greene,29,29077
1519,Missouri,Grundy,29,29079
1520,Missouri,Harrison,29,29081
1521,Missouri,Henry,29,29083
1522,Missouri,Hickory,29,29085
1523,Missouri,Holt,29,29087
1524,Missouri,Howard,29,29089
1525,Missouri,Howell,29,29091
1526,Missouri,Iron,29,29093
1527,Missouri,Jackson,29,29095
1528,Missouri,Jasper,29,29097
1529,Missouri,Jefferson,29,29099
1530,Missouri,Johnson,29,29101
1531,Missouri,Knox,29,29103
1532,Missouri,Laclede,29,29105
1533,Missouri,Lafayette,29,29107
1534,Missouri,Lawrence,29,29109
1535,Missouri,Lewis,29,29111
1536,Missouri,Lincoln,29,29113
1537,Missouri,Linn,29,29115
1538,Missouri,Livingston,29,29117
1539,Missouri,Mcdonald,29,29119
1540,Missouri,Macon,29,29121
1541,Missouri,Madison,29,29123
1542,Missouri,Maries,29,29125
1543,Missouri,Marion,29,29127
1544,Missouri,Mercer,29,29129
1545,Missouri,Miller,29,29131
1546,Missouri,Mississippi,29,29133
1547,Missouri,Moniteau,29,29135
1548,Missouri,Monroe,29,29137
1549,Missouri,Montgomery,29,29139
1550,Missouri,Morgan,29,29141
1551,Missouri,New Madrid,29,29143
1552,Missouri,Newton,29,29145
1553,Missouri,Nodaway,29,29147
1554,Missouri,Oregon,29,29149
1555,Missouri,Osage,29,29151
1556,Missouri,Ozark,29,29153
1557,Missouri,Pemiscot,29,29155
1558,Missouri,Perry,29,29157
1559,Missouri,Pettis,29,29159
1560,Missouri,Phelps,29,29161
1561,Missouri,Pike,29,29163
1562,Missouri,Platte,29,29165
1563,Missouri,Polk,29,29167
1564,Missouri,Pulaski,29,29169
1565,Missouri,Putnam,29,29171
1566,Missouri,Ralls,29,29173
1567,Missouri,Randolph,29,29175
1568,Missouri,Ray,29,29177
1569,Missouri,Reynolds,29,29179
1570,Missouri,Ripley,29,29181
1571,Missouri,St Charles,29,29183
1572,Missouri,St Clair,29,29185
1573,Missouri,Ste Genevieve,29,29186
1574,Missouri,St Francois,29,29187
1575,Missouri,St Louis,29,29189
1576,Missouri,Saline,29,29195
1577,Missouri,Schuyler,29,29197
1578,Missouri,Scotland,29,29199
1579,Missouri,Scott,29,29201
1580,Missouri,Shannon,29,29203
1581,Missouri,Shelby,29,29205
1582,Missouri,Stoddard,29,29207
1583,Missouri,Stone,29,29209
1584,Missouri,Sullivan,29,29211
1585,Missouri,Taney,29,29213
1586,Missouri,Texas,29,29215
1587,Missouri,Vernon,29,29217
1588,Missouri,Warren,29,29219
1589,Missouri,Washington,29,29221
1590,Missouri,Wayne,29,29223
1591,Missouri,Webster,29,29225
1592,Missouri,Worth,29,29227
1593,Missouri,Wright,29,29229
1594,Missouri,St Louis City,29,29510
1595,Montana,Beaverhead,30,30001
1596,Montana,Big Horn,30,30003
1597,Montana,Blaine,30,30005
1598,Montana,Broadwater,30,30007
1599,Montana,Carbon,30,30009
1600,Montana,Carter,30,30011
1601,Montana,Cascade,30,30013
1602,Montana,Chouteau,30,30015
1603,Montana,Custer,30,30017
1604,Montana,Daniels,30,30019
1605,Montana,Dawson,30,30021
1606,Montana,Deer Lodge,30,30023
1607,Montana,Fallon,30,30025
1608,Montana,Fergus,30,30027
1609,Montana,Flathead,30,30029
1610,Montana,Gallatin,30,30031
1611,Montana,Garfield,30,30033
1612,Montana,Glacier,30,30035
1613,Montana,Golden Valley,30,30037
1614,Montana,Granite,30,30039
1615,Montana,Hill,30,30041
1616,Montana,Jefferson,30,30043
1617,Montana,Judith Basin,30,30045
1618,Montana,Lake,30,30047
1619,Montana,Lewis and Clark,30,30049
1620,Montana,Liberty,30,30051
1621,Montana,Lincoln,30,30053
1622,Montana,McCone,30,30055
1623,Montana,Madison,30,30057
1624,Montana,Meagher,30,30059
1625,Montana,Mineral,30,30061
1626,Montana,Missoula,30,30063
1627,Montana,Musselshell,30,30065
1628,Montana,Park,30,30067
1629,Montana,Petroleum,30,30069
1630,Montana,Phillips,30,30071
1631,Montana,Pondera,30,30073
1632,Montana,Powder River,30,30075
1633,Montana,Powell,30,30077
1634,Montana,Prairie,30,30079
1635,Montana,Ravalli,30,30081
1636,Montana,Richland,30,30083
1637,Montana,Roosevelt,30,30085
1638,Montana,Rosebud,30,30087
1639,Montana,Sanders,30,30089
1640,Montana,Sheridan,30,30091
1641,Montana,Silver Bow,30,30093
1642,Montana,Stillwater,30,30095
1643,Montana,Sweet Grass,30,30097
1644,Montana,Teton,30,30099
1645,Montana,Toole,30,30101
1646,Montana,Treasure,30,30103
1647,Montana,Valley,30,30105
1648,Montana,Wheatland,30,30107
1649,Montana,Wibaux,30,30109
1650,Montana,Yellowstone,30,30111
1651,Nebraska,Adams,31,31001
1652,Nebraska,Antelope,31,31003
1653,Nebraska,Arthur,31,31005
1654,Nebraska,Banner,31,31007
1655,Nebraska,Blaine,31,31009
1656,Nebraska,Boone,31,31011
1657,Nebraska,Box Butte,31,31013
1658,Nebraska,Boyd,31,31015
1659,Nebraska,Brown,31,31017
1660,Nebraska,Buffalo,31,31019
1661,Nebraska,Burt,31,31021
1662,Nebraska,Butler,31,31023
1663,Nebraska,Cass,31,31025
1664,Nebraska,Cedar,31,31027
1665,Nebraska,Chase,31,31029
1666,Nebraska,Cherry,31,31031
1667,Nebraska,Cheyenne,31,31033
1668,Nebraska,Clay,31,31035
1669,Nebraska,Colfax,31,31037
1670,Nebraska,Cuming,31,31039
1671,Nebraska,Custer,31,31041
1672,Nebraska,Dakota,31,31043
1673,Nebraska,Dawes,31,31045
1674,Nebraska,Dawson,31,31047
1675,Nebraska,Deuel,31,31049
1676,Nebraska,Dixon,31,31051
1677,Nebraska,Dodge,31,31053
1678,Nebraska,Douglas,31,31055
1679,Nebraska,Dundy,31,31057
1680,Nebraska,Fillmore,31,31059
1681,Nebraska,Franklin,31,31061
1682,Nebraska,Frontier,31,31063
1683,Nebraska,Furnas,31,31065
1684,Nebraska,Gage,31,31067
1685,Nebraska,Garden,31,31069
1686,Nebraska,Garfield,31,31071
1687,Nebraska,Gosper,31,31073
1688,Nebraska,Grant,31,31075
1689,Nebraska,Greeley,31,31077
1690,Nebraska,Hall,31,31079
1691,Nebraska,Hamilton,31,31081
1692,Nebraska,Harlan,31,31083
1693,Nebraska,Hayes,31,31085
1694,Nebraska,Hitchcock,31,31087
1695,Nebraska,Holt,31,31089
1696,Nebraska,Hooker,31,31091
1697,Nebraska,Howard,31,31093
1698,Nebraska,Jefferson,31,31095
1699,Nebraska,Johnson,31,31097
1700,Nebraska,Kearney,31,31099
1701,Nebraska,Keith,31,31101
1702,Nebraska,Keya Paha,31,31103
1703,Nebraska,Kimball,31,31105
1704,Nebraska,Knox,31,31107
1705,Nebraska,Lancaster,31,31109
1706,Nebraska,Lincoln,31,31111
1707,Nebraska,Logan,31,31113
1708,Nebraska,Loup,31,31115
1709,Nebraska,McPherson,31,31117
1710,Nebraska,Madison,31,31119
1711,Nebraska,Merrick,31,31121
1712,Nebraska,Morrill,31,31123
1713,Nebraska,Nance,31,31125
1714,Nebraska,Nemaha,31,31127
1715,Nebraska,Nuckolls,31,31129
1716,Nebraska,Otoe,31,31131
1717,Nebraska,Pawnee,31,31133
1718,Nebraska,Perkins,31,31135
1719,Nebraska,Phelps,31,31137
1720,Nebraska,Pierce,31,31139
1721,Nebraska,Platte,31,31141
1722,Nebraska,Polk,31,31143
1723,Nebraska,Red Willow,31,31145
1724,Nebraska,Richardson,31,31147
1725,Nebraska,Rock,31,31149
1726,Nebraska,Saline,31,31151
1727,Nebraska,Sarpy,31,31153
1728,Nebraska,Saunders,31,31155
1729,Nebraska,Scotts Bluff,31,31157
1730,Nebraska,Seward,31,31159
1731,Nebraska,Sheridan,31,31161
1732,Nebraska,Sherman,31,31163
1733,Nebraska,Sioux,31,31165
1734,Nebraska,Stanton,31,31167
1735,Nebraska,Thayer,31,31169
1736,Nebraska,Thomas,31,31171
1737,Nebraska,Thurston,31,31173
1738,Nebraska,Valley,31,31175
1739,Nebraska,Washington,31,31177
1740,Nebraska,Wayne,31,31179
1741,Nebraska,Webster,31,31181
1742,Nebraska,Wheeler,31,31183
1743,Nebraska,York,31,31185
1744,Nevada,Churchill,32,32001
1745,Nevada,Clark,32,32003
1746,Nevada,Douglas,32,32005
1747,Nevada,Elko,32,32007
1748,Nevada,Esmeralda,32,32009
1749,Nevada,Eureka,32,32011
1750,Nevada,Humboldt,32,32013
1751,Nevada,Lander,32,32015
1752,Nevada,Lincoln,32,32017
1753,Nevada,Lyon,32,32019
1754,Nevada,Mineral,32,32021
1755,Nevada,Nye,32,32023
1756,Nevada,Pershing,32,32027
1757,Nevada,Storey,32,32029
1758,Nevada,Washoe,32,32031
1759,Nevada,White Pine,32,32033
1760,Nevada,Carson City,32,32510
1761,New Hampshire,Belknap,33,33001
1762,New Hampshire,Carroll,33,33003
1763,New Hampshire,Cheshire,33,33005
1764,New Hampshire,Coos,33,33007
1765,New Hampshire,Grafton,33,33009
1766,New Hampshire,Hillsborough,33,33011
1767,New Hampshire,Merrimack,33,33013
1768,New Hampshire,Rockingham,33,33015
1769,New Hampshire,Strafford,33,33017
1770,New Hampshire,Sullivan,33,33019
1771,New Jersey,Atlantic,34,34001
1772,New Jersey,Bergen,34,34003
1773,New Jersey,Burlington,34,34005
1774,New Jersey,Camden,34,34007
1775,New Jersey,Cape May,34,34009
1776,New Jersey,Cumberland,34,34011
1777,New Jersey,Essex,34,34013
1778,New Jersey,Gloucester,34,34015
1779,New Jersey,Hudson,34,34017
1780,New Jersey,Hunterdon,34,34019
1781,New Jersey,Mercer,34,34021
1782,New Jersey,Middlesex,34,34023
1783,New Jersey,Monmouth,34,34025
1784,New Jersey,Morris,34,34027
1785,New Jersey,Ocean,34,34029
1786,New Jersey,Passaic,34,34031
1787,New Jersey,Salem,34,34033
1788,New Jersey,Somerset,34,34035
1789,New Jersey,Sussex,34,34037
1790,New Jersey,Union,34,34039
1791,New Jersey,Warren,34,34041
1792,New Mexico,Bernalillo,35,35001
1793,New Mexico,Catron,35,35003
1794,New Mexico,Chaves,35,35005
1795,New Mexico,Cibola,35,35006
1796,New Mexico,Colfax,35,35007
1797,New Mexico,Curry,35,35009
1798,New Mexico,De Baca,35,35011
1799,New Mexico,Dona Ana,35,35013
1800,New Mexico,Eddy,35,35015
1801,New Mexico,Grant,35,35017
1802,New Mexico,Guadalupe,35,35019
1803,New Mexico,Harding,35,35021
1804,New Mexico,Hidalgo,35,35023
1805,New Mexico,Lea,35,35025
1806,New Mexico,Lincoln,35,35027
1807,New Mexico,Los Alamos,35,35028
1808,New Mexico,Luna,35,35029
1809,New Mexico,Mckinley,35,35031
1810,New Mexico,Mora,35,35033
1811,New Mexico,Otero,35,35035
1812,New Mexico,Quay,35,35037
1813,New Mexico,Rio Arriba,35,35039
1814,New Mexico,Roosevelt,35,35041
1815,New Mexico,Sandoval,35,35043
1816,New Mexico,San Juan,35,35045
1817,New Mexico,San Miguel,35,35047
1818,New Mexico,Santa Fe,35,35049
1819,New Mexico,Sierra,35,35051
1820,New Mexico,Socorro,35,35053
1821,New Mexico,Taos,35,35055
1822,New Mexico,Torrance,35,35057
1823,New Mexico,Union,35,35059
1824,New Mexico,Valencia,35,35061
1825,New York,Albany,36,36001
1826,New York,Allegany,36,36003
1827,New York,Bronx,36,36005
1828,New York,Broome,36,36007
1829,New York,Cattaraugus,36,36009
1830,New York,Cayuga,36,36011
1831,New York,Chautauqua,36,36013
1832,New York,Chemung,36,36015
1833,New York,Chenango,36,36017
1834,New York,Clinton,36,36019
1835,New York,Columbia,36,36021
1836,New York,Cortland,36,36023
1837,New York,Delaware,36,36025
1838,New York,Dutchess,36,36027
1839,New York,Erie,36,36029
1840,New York,Essex,36,36031
1841,New York,Franklin,36,36033
1842,New York,Fulton,36,36035
1843,New York,Genesee,36,36037
1844,New York,Greene,36,36039
1845,New York,Hamilton,36,36041
1846,New York,Herkimer,36,36043
1847,New York,Jefferson,36,36045
1848,New York,Kings,36,36047
1849,New York,Lewis,36,36049
1850,New York,Livingston,36,36051
1851,New York,Madison,36,36053
1852,New York,Monroe,36,36055
1853,New York,Montgomery,36,36057
1854,New York,Nassau,36,36059
1855,New York,New York,36,36061
1856,New York,Niagara,36,36063
1857,New York,Oneida,36,36065
1858,New York,Onondaga,36,36067
1859,New York,Ontario,36,36069
1860,New York,Orange,36,36071
1861,New York,Orleans,36,36073
1862,New York,Oswego,36,36075
1863,New York,Otsego,36,36077
1864,New York,Putnam,36,36079
1865,New York,Queens,36,36081
1866,New York,Rensselaer,36,36083
1867,New York,Richmond,36,36085
1868,New York,Rockland,36,36087
1869,New York,St Lawrence,36,36089
1870,New York,Saratoga,36,36091
1871,New York,Schenectady,36,36093
1872,New York,Schoharie,36,36095
1873,New York,Schuyler,36,36097
1874,New York,Seneca,36,36099
1875,New York,Steuben,36,36101
1876,New York,Suffolk,36,36103
1877,New York,Sullivan,36,36105
1878,New York,Tioga,36,36107
1879,New York,Tompkins,36,36109
1880,New York,Ulster,36,36111
1881,New York,Warren,36,36113
1882,New York,Washington,36,36115
1883,New York,Wayne,36,36117
1884,New York,Westchester,36,36119
1885,New York,Wyoming,36,36121
1886,New York,Yates,36,36123
1887,North Carolina,Alamance,37,37001
1888,North Carolina,Alexander,37,37003
1889,North Carolina,Alleghany,37,37005
1890,North Carolina,Anson,37,37007
1891,North Carolina,Ashe,37,37009
1892,North Carolina,Avery,37,37011
1893,North Carolina,Beaufort,37,37013
1894,North Carolina,Bertie,37,37015
1895,North Carolina,Bladen,37,37017
1896,North Carolina,Brunswick,37,37019
1897,North Carolina,Buncombe,37,37021
1898,North Carolina,Burke,37,37023
1899,North Carolina,Cabarrus,37,37025
1900,North Carolina,Caldwell,37,37027
1901,North Carolina,Camden,37,37029
1902,North Carolina,Carteret,37,37031
1903,North Carolina,Caswell,37,37033
1904,North Carolina,Catawba,37,37035
1905,North Carolina,Chatham,37,37037
1906,North Carolina,Cherokee,37,37039
1907,North Carolina,Chowan,37,37041
1908,North Carolina,Clay,37,37043
1909,North Carolina,Cleveland,37,37045
1910,North Carolina,Columbus,37,37047
1911,North Carolina,Craven,37,37049
1912,North Carolina,Cumberland,37,37051
1913,North Carolina,Currituck,37,37053
1914,North Carolina,Dare,37,37055
1915,North Carolina,Davidson,37,37057
1916,North Carolina,Davie,37,37059
1917,North Carolina,Duplin,37,37061
1918,North Carolina,Durham,37,37063
1919,North Carolina,Edgecombe,37,37065
1920,North Carolina,Forsyth,37,37067
1921,North Carolina,Franklin,37,37069
1922,North Carolina,Gaston,37,37071
1923,North Carolina,Gates,37,37073
1924,North Carolina,Graham,37,37075
1925,North Carolina,Granville,37,37077
1926,North Carolina,Greene,37,37079
1927,North Carolina,Guilford,37,37081
1928,North Carolina,Halifax,37,37083
1929,North Carolina,Harnett,37,37085
1930,North Carolina,Haywood,37,37087
1931,North Carolina,Henderson,37,37089
1932,North Carolina,Hertford,37,37091
1933,North Carolina,Hoke,37,37093
1934,North Carolina,Hyde,37,37095
1935,North Carolina,Iredell,37,37097
1936,North Carolina,Jackson,37,37099
1937,North Carolina,Johnston,37,37101
1938,North Carolina,Jones,37,37103
1939,North Carolina,Lee,37,37105
1940,North Carolina,Lenoir,37,37107
1941,North Carolina,Lincoln,37,37109
1942,North Carolina,McDowell,37,37111
1943,North Carolina,Macon,37,37113
1944,North Carolina,Madison,37,37115
1945,North Carolina,Martin,37,37117
1946,North Carolina,Mecklenburg,37,37119
1947,North Carolina,Mitchell,37,37121
1948,North Carolina,Montgomery,37,37123
1949,North Carolina,Moore,37,37125
1950,North Carolina,Nash,37,37127
1951,North Carolina,New Hanover,37,37129
1952,North Carolina,Northampton,37,37131
1953,North Carolina,Onslow,37,37133
1954,North Carolina,Orange,37,37135
1955,North Carolina,Pamlico,37,37137
1956,North Carolina,Pasquotank,37,37139
1957,North Carolina,Pender,37,37141
1958,North Carolina,Perquimans,37,37143
1959,North Carolina,Person,37,37145
1960,North Carolina,Pitt,37,37147
1961,North Carolina,Polk,37,37149
1962,North Carolina,Randolph,37,37151
1963,North Carolina,Richmond,37,37153
1964,North Carolina,Robeson,37,37155
1965,North Carolina,Rockingham,37,37157
1966,North Carolina,Rowan,37,37159
1967,North Carolina,Rutherford,37,37161
1968,North Carolina,Sampson,37,37163
1969,North Carolina,Scotland,37,37165
1970,North Carolina,Stanly,37,37167
1971,North Carolina,Stokes,37,37169
1972,North Carolina,Surry,37,37171
1973,North Carolina,Swain,37,37173
1974,North Carolina,Transylvania,37,37175
1975,North Carolina,Tyrrell,37,37177
1976,North Carolina,Union,37,37179
1977,North Carolina,Vance,37,37181
1978,North Carolina,Wake,37,37183
1979,North Carolina,Warren,37,37185
1980,North Carolina,Washington,37,37187
1981,North Carolina,Watauga,37,37189
1982,North Carolina,Wayne,37,37191
1983,North Carolina,Wilkes,37,37193
1984,North Carolina,Wilson,37,37195
1985,North Carolina,Yadkin,37,37197
1986,North Carolina,Yancey,37,37199
1987,North Dakota,Adams,38,38001
1988,North Dakota,Barnes,38,38003
1989,North Dakota,Benson,38,38005
1990,North Dakota,Billings,38,38007
1991,North Dakota,Bottineau,38,38009
1992,North Dakota,Bowman,38,38011
1993,North Dakota,Burke,38,38013
1994,North Dakota,Burleigh,38,38015
1995,North Dakota,Cass,38,38017
1996,North Dakota,Cavalier,38,38019
1997,North Dakota,Dickey,38,38021
1998,North Dakota,Divide,38,38023
1999,North Dakota,Dunn,38,38025
2000,North Dakota,Eddy,38,38027
2001,North Dakota,Emmons,38,38029
2002,North Dakota,Foster,38,38031
2003,North Dakota,Golden Valley,38,38033
2004,North Dakota,Grand Forks,38,38035
2005,North Dakota,Grant,38,38037
2006,North Dakota,Griggs,38,38039
2007,North Dakota,Hettinger,38,38041
2008,North Dakota,Kidder,38,38043
2009,North Dakota,Lamoure,38,38045
2010,North Dakota,Logan,38,38047
2011,North Dakota,McHenry,38,38049
2012,North Dakota,McIntosh,38,38051
2013,North Dakota,Mckenzie,38,38053
2014,North Dakota,Mclean,38,38055
2015,North Dakota,Mercer,38,38057
2016,North Dakota,Morton,38,38059
2017,North Dakota,Mountrail,38,38061
2018,North Dakota,Nelson,38,38063
2019,North Dakota,Oliver,38,38065
2020,North Dakota,Pembina,38,38067
2021,North Dakota,Pierce,38,38069
2022,North Dakota,Ramsey,38,38071
2023,North Dakota,Ransom,38,38073
2024,North Dakota,Renville,38,38075
2025,North Dakota,Richland,38,38077
2026,North Dakota,Rolette,38,38079
2027,North Dakota,Sargent,38,38081
2028,North Dakota,Sheridan,38,38083
2029,North Dakota,Sioux,38,38085
2030,North Dakota,Slope,38,38087
2031,North Dakota,Stark,38,38089
2032,North Dakota,Steele,38,38091
2033,North Dakota,Stutsman,38,38093
2034,North Dakota,Towner,38,38095
2035,North Dakota,Traill,38,38097
2036,North Dakota,Walsh,38,38099
2037,North Dakota,Ward,38,38101
2038,North Dakota,Wells,38,38103
2039,North Dakota,Williams,38,38105
2040,Ohio,Adams,39,39001
2041,Ohio,Allen,39,39003
2042,Ohio,Ashland,39,39005
2043,Ohio,Ashtabula,39,39007
2044,Ohio,Athens,39,39009
2045,Ohio,Auglaize,39,39011
2046,Ohio,Belmont,39,39013
2047,Ohio,Brown,39,39015
2048,Ohio,Butler,39,39017
2049,Ohio,Carroll,39,39019
2050,Ohio,Champaign,39,39021
2051,Ohio,Clark,39,39023
2052,Ohio,Clermont,39,39025
2053,Ohio,Clinton,39,39027
2054,Ohio,Columbiana,39,39029
2055,Ohio,Coshocton,39,39031
2056,Ohio,Crawford,39,39033
2057,Ohio,Cuyahoga,39,39035
2058,Ohio,Darke,39,39037
2059,Ohio,Defiance,39,39039
2060,Ohio,Delaware,39,39041
2061,Ohio,Erie,39,39043
2062,Ohio,Fairfield,39,39045
2063,Ohio,Fayette,39,39047
2064,Ohio,Franklin,39,39049
2065,Ohio,Fulton,39,39051
2066,Ohio,Gallia,39,39053
2067,Ohio,Geauga,39,39055
2068,Ohio,Greene,39,39057
2069,Ohio,Guernsey,39,39059
2070,Ohio,Hamilton,39,39061
2071,Ohio,Hancock,39,39063
2072,Ohio,Hardin,39,39065
2073,Ohio,Harrison,39,39067
2074,Ohio,Henry,39,39069
2075,Ohio,Highland,39,39071
2076,Ohio,Hocking,39,39073
2077,Ohio,Holmes,39,39075
2078,Ohio,Huron,39,39077
2079,Ohio,Jackson,39,39079
2080,Ohio,Jefferson,39,39081
2081,Ohio,Knox,39,39083
2082,Ohio,Lake,39,39085
2083,Ohio,Lawrence,39,39087
2084,Ohio,Licking,39,39089
2085,Ohio,Logan,39,39091
2086,Ohio,Lorain,39,39093
2087,Ohio,Lucas,39,39095
2088,Ohio,Madison,39,39097
2089,Ohio,Mahoning,39,39099
2090,Ohio,Marion,39,39101
2091,Ohio,Medina,39,39103
2092,Ohio,Meigs,39,39105
2093,Ohio,Mercer,39,39107
2094,Ohio,Miami,39,39109
2095,Ohio,Monroe,39,39111
2096,Ohio,Montgomery,39,39113
2097,Ohio,Morgan,39,39115
2098,Ohio,Morrow,39,39117
2099,Ohio,Muskingum,39,39119
2100,Ohio,Noble,39,39121
2101,Ohio,Ottawa,39,39123
2102,Ohio,Paulding,39,39125
2103,Ohio,Perry,39,39127
2104,Ohio,Pickaway,39,39129
2105,Ohio,Pike,39,39131
2106,Ohio,Portage,39,39133
2107,Ohio,Preble,39,39135
2108,Ohio,Putnam,39,39137
2109,Ohio,Richland,39,39139
2110,Ohio,Ross,39,39141
2111,Ohio,Sandusky,39,39143
2112,Ohio,Scioto,39,39145
2113,Ohio,Seneca,39,39147
2114,Ohio,Shelby,39,39149
2115,Ohio,Stark,39,39151
2116,Ohio,Summit,39,39153
2117,Ohio,Trumbull,39,39155
2118,Ohio,Tuscarawas,39,39157
2119,Ohio,Union,39,39159
2120,Ohio,Van Wert,39,39161
2121,Ohio,Vinton,39,39163
2122,Ohio,Warren,39,39165
2123,Ohio,Washington,39,39167
2124,Ohio,Wayne,39,39169
2125,Ohio,Williams,39,39171
2126,Ohio,Wood,39,39173
2127,Ohio,Wyandot,39,39175
2128,Oklahoma,Adair,40,40001
2129,Oklahoma,Alfalfa,40,40003
2130,Oklahoma,Atoka,40,40005
2131,Oklahoma,Beaver,40,40007
2132,Oklahoma,Beckham,40,40009
2133,Oklahoma,Blaine,40,40011
2134,Oklahoma,Bryan,40,40013
2135,Oklahoma,Caddo,40,40015
2136,Oklahoma,Canadian,40,40017
2137,Oklahoma,Carter,40,40019
2138,Oklahoma,Cherokee,40,40021
2139,Oklahoma,Choctaw,40,40023
2140,Oklahoma,Cimarron,40,40025
2141,Oklahoma,Cleveland,40,40027
2142,Oklahoma,Coal,40,40029
2143,Oklahoma,Comanche,40,40031
2144,Oklahoma,Cotton,40,40033
2145,Oklahoma,Craig,40,40035
2146,Oklahoma,Creek,40,40037
2147,Oklahoma,Custer,40,40039
2148,Oklahoma,Delaware,40,40041
2149,Oklahoma,Dewey,40,40043
2150,Oklahoma,Ellis,40,40045
2151,Oklahoma,Garfield,40,40047
2152,Oklahoma,Garvin,40,40049
2153,Oklahoma,Grady,40,40051
2154,Oklahoma,Grant,40,40053
2155,Oklahoma,Greer,40,40055
2156,Oklahoma,Harmon,40,40057
2157,Oklahoma,Harper,40,40059
2158,Oklahoma,Haskell,40,40061
2159,Oklahoma,Hughes,40,40063
2160,Oklahoma,Jackson,40,40065
2161,Oklahoma,Jefferson,40,40067
2162,Oklahoma,Johnston,40,40069
2163,Oklahoma,Kay,40,40071
2164,Oklahoma,Kingfisher,40,40073
2165,Oklahoma,Kiowa,40,40075
2166,Oklahoma,Latimer,40,40077
2167,Oklahoma,Le Flore,40,40079
2168,Oklahoma,Lincoln,40,40081
2169,Oklahoma,Logan,40,40083
2170,Oklahoma,Love,40,40085
2171,Oklahoma,Mcclain,40,40087
2172,Oklahoma,McCurtain,40,40089
2173,Oklahoma,McIntosh,40,40091
2174,Oklahoma,Major,40,40093
2175,Oklahoma,Marshall,40,40095
2176,Oklahoma,Mayes,40,40097
2177,Oklahoma,Murray,40,40099
2178,Oklahoma,Muskogee,40,40101
2179,Oklahoma,Noble,40,40103
2180,Oklahoma,Nowata,40,40105
2181,Oklahoma,Okfuskee,40,40107
2182,Oklahoma,Oklahoma,40,40109
2183,Oklahoma,Okmulgee,40,40111
2184,Oklahoma,Osage,40,40113
2185,Oklahoma,Ottawa,40,40115
2186,Oklahoma,Pawnee,40,40117
2187,Oklahoma,Payne,40,40119
2188,Oklahoma,Pittsburg,40,40121
2189,Oklahoma,Pontotoc,40,40123
2190,Oklahoma,Pottawatomie,40,40125
2191,Oklahoma,Pushmataha,40,40127
2192,Oklahoma,Roger Mills,40,40129
2193,Oklahoma,Rogers,40,40131
2194,Oklahoma,Seminole,40,40133
2195,Oklahoma,Sequoyah,40,40135
2196,Oklahoma,Stephens,40,40137
2197,Oklahoma,Texas,40,40139
2198,Oklahoma,Tillman,40,40141
2199,Oklahoma,Tulsa,40,40143
2200,Oklahoma,Wagoner,40,40145
2201,Oklahoma,Washington,40,40147
2202,Oklahoma,Washita,40,40149
2203,Oklahoma,Woods,40,40151
2204,Oklahoma,Woodward,40,40153
2205,Oregon,Baker,41,41001
2206,Oregon,Benton,41,41003
2207,Oregon,Clackamas,41,41005
2208,Oregon,Clatsop,41,41007
2209,Oregon,Columbia,41,41009
2210,Oregon,Coos,41,41011
2211,Oregon,Crook,41,41013
2212,Oregon,Curry,41,41015
2213,Oregon,Deschutes,41,41017
2214,Oregon,Douglas,41,41019
2215,Oregon,Gilliam,41,41021
2216,Oregon,Grant,41,41023
2217,Oregon,Harney,41,41025
2218,Oregon,Hood River,41,41027
2219,Oregon,Jackson,41,41029
2220,Oregon,Jefferson,41,41031
2221,Oregon,Josephine,41,41033
2222,Oregon,Klamath,41,41035
2223,Oregon,Lake,41,41037
2224,Oregon,Lane,41,41039
2225,Oregon,Lincoln,41,41041
2226,Oregon,Linn,41,41043
2227,Oregon,Malheur,41,41045
2228,Oregon,Marion,41,41047
2229,Oregon,Morrow,41,41049
2230,Oregon,Multnomah,41,41051
2231,Oregon,Polk,41,41053
2232,Oregon,Sherman,41,41055
2233,Oregon,Tillamook,41,41057
2234,Oregon,Umatilla,41,41059
2235,Oregon,Union,41,41061
2236,Oregon,Wallowa,41,41063
2237,Oregon,Wasco,41,41065
2238,Oregon,Washington,41,41067
2239,Oregon,Wheeler,41,41069
2240,Oregon,Yamhill,41,41071
2241,Pennsylvania,Adams,42,42001
2242,Pennsylvania,Allegheny,42,42003
2243,Pennsylvania,Armstrong,42,42005
2244,Pennsylvania,Beaver,42,42007
2245,Pennsylvania,Bedford,42,42009
2246,Pennsylvania,Berks,42,42011
2247,Pennsylvania,Blair,42,42013
2248,Pennsylvania,Bradford,42,42015
2249,Pennsylvania,Bucks,42,42017
2250,Pennsylvania,Butler,42,42019
2251,Pennsylvania,Cambria,42,42021
2252,Pennsylvania,Cameron,42,42023
2253,Pennsylvania,Carbon,42,42025
2254,Pennsylvania,Centre,42,42027
2255,Pennsylvania,Chester,42,42029
2256,Pennsylvania,Clarion,42,42031
2257,Pennsylvania,Clearfield,42,42033
2258,Pennsylvania,Clinton,42,42035
2259,Pennsylvania,Columbia,42,42037
2260,Pennsylvania,Crawford,42,42039
2261,Pennsylvania,Cumberland,42,42041
2262,Pennsylvania,Dauphin,42,42043
2263,Pennsylvania,Delaware,42,42045
2264,Pennsylvania,Elk,42,42047
2265,Pennsylvania,Erie,42,42049
2266,Pennsylvania,Fayette,42,42051
2267,Pennsylvania,Forest,42,42053
2268,Pennsylvania,Franklin,42,42055
2269,Pennsylvania,Fulton,42,42057
2270,Pennsylvania,Greene,42,42059
2271,Pennsylvania,Huntingdon,42,42061
2272,Pennsylvania,Indiana,42,42063
2273,Pennsylvania,Jefferson,42,42065
2274,Pennsylvania,Juniata,42,42067
2275,Pennsylvania,Lackawanna,42,42069
2276,Pennsylvania,Lancaster,42,42071
2277,Pennsylvania,Lawrence,42,42073
2278,Pennsylvania,Lebanon,42,42075
2279,Pennsylvania,Lehigh,42,42077
2280,Pennsylvania,Luzerne,42,42079
2281,Pennsylvania,Lycoming,42,42081
2282,Pennsylvania,McKean,42,42083
2283,Pennsylvania,Mercer,42,42085
2284,Pennsylvania,Mifflin,42,42087
2285,Pennsylvania,Monroe,42,42089
2286,Pennsylvania,Montgomery,42,42091
2287,Pennsylvania,Montour,42,42093
2288,Pennsylvania,Northampton,42,42095
2289,Pennsylvania,Northumberland,42,42097
2290,Pennsylvania,Perry,42,42099
2291,Pennsylvania,Philadelphia,42,42101
2292,Pennsylvania,Pike,42,42103
2293,Pennsylvania,Potter,42,42105
2294,Pennsylvania,Schuylkill,42,42107
2295,Pennsylvania,Snyder,42,42109
2296,Pennsylvania,Somerset,42,42111
2297,Pennsylvania,Sullivan,42,42113
2298,Pennsylvania,Susquehanna,42,42115
2299,Pennsylvania,Tioga,42,42117
2300,Pennsylvania,Union,42,42119
2301,Pennsylvania,Venango,42,42121
2302,Pennsylvania,Warren,42,42123
2303,Pennsylvania,Washington,42,42125
2304,Pennsylvania,Wayne,42,42127
2305,Pennsylvania,Westmoreland,42,42129
2306,Pennsylvania,Wyoming,42,42131
2307,Pennsylvania,York,42,42133
2308,Rhode Island,Bristol,44,44001
2309,Rhode Island,Kent,44,44003
2310,Rhode Island,Newport,44,44005
2311,Rhode Island,Providence,44,44007
2312,Rhode Island,Washington,44,44009
2313,South Carolina,Abbeville,45,45001
2314,South Carolina,Aiken,45,45003
2315,South Carolina,Allendale,45,45005
2316,South Carolina,Anderson,45,45007
2317,South Carolina,Bamberg,45,45009
2318,South Carolina,Barnwell,45,45011
2319,South Carolina,Beaufort,45,45013
2320,South Carolina,Berkeley,45,45015
2321,South Carolina,Calhoun,45,45017
2322,South Carolina,Charleston,45,45019
2323,South Carolina,Cherokee,45,45021
2324,South Carolina,Chester,45,45023
2325,South Carolina,Chesterfield,45,45025
2326,South Carolina,Clarendon,45,45027
2327,South Carolina,Colleton,45,45029
2328,South Carolina,Darlington,45,45031
2329,South Carolina,Dillon,45,45033
2330,South Carolina,Dorchester,45,45035
2331,South Carolina,Edgefield,45,45037
2332,South Carolina,Fairfield,45,45039
2333,South Carolina,Florence,45,45041
2334,South Carolina,Georgetown,45,45043
2335,South Carolina,Greenville,45,45045
2336,South Carolina,Greenwood,45,45047
2337,South Carolina,Hampton,45,45049
2338,South Carolina,Horry,45,45051
2339,South Carolina,Jasper,45,45053
2340,South Carolina,Kershaw,45,45055
2341,South Carolina,Lancaster,45,45057
2342,South Carolina,Laurens,45,45059
2343,South Carolina,Lee,45,45061
2344,South Carolina,Lexington,45,45063
2345,South Carolina,McCormick,45,45065
2346,South Carolina,Marion,45,45067
2347,South Carolina,Marlboro,45,45069
2348,South Carolina,Newberry,45,45071
2349,South Carolina,Oconee,45,45073
2350,South Carolina,Orangeburg,45,45075
2351,South Carolina,Pickens,45,45077
2352,South Carolina,Richland,45,45079
2353,South Carolina,Saluda,45,45081
2354,South Carolina,Spartanburg,45,45083
2355,South Carolina,Sumter,45,45085
2356,South Carolina,Union,45,45087
2357,South Carolina,Williamsburg,45,45089
2358,South Carolina,York,45,45091
2359,South Dakota,Aurora,46,46003
2360,South Dakota,Beadle,46,46005
2361,South Dakota,Bennett,46,46007
2362,South Dakota,Bon Homme,46,46009
2363,South Dakota,Brookings,46,46011
2364,South Dakota,Brown,46,46013
2365,South Dakota,Brule,46,46015
2366,South Dakota,Buffalo,46,46017
2367,South Dakota,Butte,46,46019
2368,South Dakota,Campbell,46,46021
2369,South Dakota,Charles Mix,46,46023
2370,South Dakota,Clark,46,46025
2371,South Dakota,Clay,46,46027
2372,South Dakota,Codington,46,46029
2373,South Dakota,Corson,46,46031
2374,South Dakota,Custer,46,46033
2375,South Dakota,Davison,46,46035
2376,South Dakota,Day,46,46037
2377,South Dakota,Deuel,46,46039
2378,South Dakota,Dewey,46,46041
2379,South Dakota,Douglas,46,46043
2380,South Dakota,Edmunds,46,46045
2381,South Dakota,Fall River,46,46047
2382,South Dakota,Faulk,46,46049
2383,South Dakota,Grant,46,46051
2384,South Dakota,Gregory,46,46053
2385,South Dakota,Haakon,46,46055
2386,South Dakota,Hamlin,46,46057
2387,South Dakota,Hand,46,46059
2388,South Dakota,Hanson,46,46061
2389,South Dakota,Harding,46,46063
2390,South Dakota,Hughes,46,46065
2391,South Dakota,Hutchinson,46,46067
2392,South Dakota,Hyde,46,46069
2393,South Dakota,Jackson,46,46071
2394,South Dakota,Jerauld,46,46073
2395,South Dakota,Jones,46,46075
2396,South Dakota,Kingsbury,46,46077
2397,South Dakota,Lake,46,46079
2398,South Dakota,Lawrence,46,46081
2399,South Dakota,Lincoln,46,46083
2400,South Dakota,Lyman,46,46085
2401,South Dakota,McCook,46,46087
2402,South Dakota,McPherson,46,46089
2403,South Dakota,Marshall,46,46091
2404,South Dakota,Meade,46,46093
2405,South Dakota,Mellette,46,46095
2406,South Dakota,Miner,46,46097
2407,South Dakota,Minnehaha,46,46099
2408,South Dakota,Moody,46,46101
2409,South Dakota,Pennington,46,46103
2410,South Dakota,Perkins,46,46105
2411,South Dakota,Potter,46,46107
2412,South Dakota,Roberts,46,46109
2413,South Dakota,Sanborn,46,46111
2414,South Dakota,Shannon,46,46113
2415,South Dakota,Spink,46,46115
2416,South Dakota,Stanley,46,46117
2417,South Dakota,Sully,46,46119
2418,South Dakota,Todd,46,46121
2419,South Dakota,Tripp,46,46123
2420,South Dakota,Turner,46,46125
2421,South Dakota,Union,46,46127
2422,South Dakota,Walworth,46,46129
2423,South Dakota,Yankton,46,46135
2424,South Dakota,Ziebach,46,46137
2425,Tennessee,Anderson,47,47001
2426,Tennessee,Bedford,47,47003
2427,Tennessee,Benton,47,47005
2428,Tennessee,Bledsoe,47,47007
2429,Tennessee,Blount,47,47009
2430,Tennessee,Bradley,47,47011
2431,Tennessee,Campbell,47,47013
2432,Tennessee,Cannon,47,47015
2433,Tennessee,Carroll,47,47017
2434,Tennessee,Carter,47,47019
2435,Tennessee,Cheatham,47,47021
2436,Tennessee,Chester,47,47023
2437,Tennessee,Claiborne,47,47025
2438,Tennessee,Clay,47,47027
2439,Tennessee,Cocke,47,47029
2440,Tennessee,Coffee,47,47031
2441,Tennessee,Crockett,47,47033
2442,Tennessee,Cumberland,47,47035
2443,Tennessee,Davidson,47,47037
2444,Tennessee,Decatur,47,47039
2445,Tennessee,Dekalb,47,47041
2446,Tennessee,Dickson,47,47043
2447,Tennessee,Dyer,47,47045
2448,Tennessee,Fayette,47,47047
2449,Tennessee,Fentress,47,47049
2450,Tennessee,Franklin,47,47051
2451,Tennessee,Gibson,47,47053
2452,Tennessee,Giles,47,47055
2453,Tennessee,Grainger,47,47057
2454,Tennessee,Greene,47,47059
2455,Tennessee,Grundy,47,47061
2456,Tennessee,Hamblen,47,47063
2457,Tennessee,Hamilton,47,47065
2458,Tennessee,Hancock,47,47067
2459,Tennessee,Hardeman,47,47069
2460,Tennessee,Hardin,47,47071
2461,Tennessee,Hawkins,47,47073
2462,Tennessee,Haywood,47,47075
2463,Tennessee,Henderson,47,47077
2464,Tennessee,Henry,47,47079
2465,Tennessee,Hickman,47,47081
2466,Tennessee,Houston,47,47083
2467,Tennessee,Humphreys,47,47085
2468,Tennessee,Jackson,47,47087
2469,Tennessee,Jefferson,47,47089
2470,Tennessee,Johnson,47,47091
2471,Tennessee,Knox,47,47093
2472,Tennessee,Lake,47,47095
2473,Tennessee,Lauderdale,47,47097
2474,Tennessee,Lawrence,47,47099
2475,Tennessee,Lewis,47,47101
2476,Tennessee,Lincoln,47,47103
2477,Tennessee,Loudon,47,47105
2478,Tennessee,McMinn,47,47107
2479,Tennessee,McNairy,47,47109
2480,Tennessee,Macon,47,47111
2481,Tennessee,Madison,47,47113
2482,Tennessee,Marion,47,47115
2483,Tennessee,Marshall,47,47117
2484,Tennessee,Maury,47,47119
2485,Tennessee,Meigs,47,47121
2486,Tennessee,Monroe,47,47123
2487,Tennessee,Montgomery,47,47125
2488,Tennessee,Moore,47,47127
2489,Tennessee,Morgan,47,47129
2490,Tennessee,Obion,47,47131
2491,Tennessee,Overton,47,47133
2492,Tennessee,Perry,47,47135
2493,Tennessee,Pickett,47,47137
2494,Tennessee,Polk,47,47139
2495,Tennessee,Putnam,47,47141
2496,Tennessee,Rhea,47,47143
2497,Tennessee,Roane,47,47145
2498,Tennessee,Robertson,47,47147
2499,Tennessee,Rutherford,47,47149
2500,Tennessee,Scott,47,47151
2501,Tennessee,Sequatchie,47,47153
2502,Tennessee,Sevier,47,47155
2503,Tennessee,Shelby,47,47157
2504,Tennessee,Smith,47,47159
2505,Tennessee,Stewart,47,47161
2506,Tennessee,Sullivan,47,47163
2507,Tennessee,Sumner,47,47165
2508,Tennessee,Tipton,47,47167
2509,Tennessee,Trousdale,47,47169
2510,Tennessee,Unicoi,47,47171
2511,Tennessee,Union,47,47173
2512,Tennessee,Van Buren,47,47175
2513,Tennessee,Warren,47,47177
2514,Tennessee,Washington,47,47179
2515,Tennessee,Wayne,47,47181
2516,Tennessee,Weakley,47,47183
2517,Tennessee,White,47,47185
2518,Tennessee,Williamson,47,47187
2519,Tennessee,Wilson,47,47189
2520,Texas,Anderson,48,48001
2521,Texas,Andrews,48,48003
2522,Texas,Angelina,48,48005
2523,Texas,Aransas,48,48007
2524,Texas,Archer,48,48009
2525,Texas,Armstrong,48,48011
2526,Texas,Atascosa,48,48013
2527,Texas,Austin,48,48015
2528,Texas,Bailey,48,48017
2529,Texas,Bandera,48,48019
2530,Texas,Bastrop,48,48021
2531,Texas,Baylor,48,48023
2532,Texas,Bee,48,48025
2533,Texas,Bell,48,48027
2534,Texas,Bexar,48,48029
2535,Texas,Blanco,48,48031
2536,Texas,Borden,48,48033
2537,Texas,Bosque,48,48035
2538,Texas,Bowie,48,48037
2539,Texas,Brazoria,48,48039
2540,Texas,Brazos,48,48041
2541,Texas,Brewster,48,48043
2542,Texas,Briscoe,48,48045
2543,Texas,Brooks,48,48047
2544,Texas,Brown,48,48049
2545,Texas,Burleson,48,48051
2546,Texas,Burnet,48,48053
2547,Texas,Caldwell,48,48055
2548,Texas,Calhoun,48,48057
2549,Texas,Callahan,48,48059
2550,Texas,Cameron,48,48061
2551,Texas,Camp,48,48063
2552,Texas,Carson,48,48065
2553,Texas,Cass,48,48067
2554,Texas,Castro,48,48069
2555,Texas,Chambers,48,48071
2556,Texas,Cherokee,48,48073
2557,Texas,Childress,48,48075
2558,Texas,Clay,48,48077
2559,Texas,Cochran,48,48079
2560,Texas,Coke,48,48081
2561,Texas,Coleman,48,48083
2562,Texas,Collin,48,48085
2563,Texas,Collingsworth,48,48087
2564,Texas,Colorado,48,48089
2565,Texas,Comal,48,48091
2566,Texas,Comanche,48,48093
2567,Texas,Concho,48,48095
2568,Texas,Cooke,48,48097
2569,Texas,Coryell,48,48099
2570,Texas,Cottle,48,48101
2571,Texas,Crane,48,48103
2572,Texas,Crockett,48,48105
2573,Texas,Crosby,48,48107
2574,Texas,Culberson,48,48109
2575,Texas,Dallam,48,48111
2576,Texas,Dallas,48,48113
2577,Texas,Dawson,48,48115
2578,Texas,Deaf Smith,48,48117
2579,Texas,Delta,48,48119
2580,Texas,Denton,48,48121
2581,Texas,De Witt,48,48123
2582,Texas,Dickens,48,48125
2583,Texas,Dimmit,48,48127
2584,Texas,Donley,48,48129
2585,Texas,Duval,48,48131
2586,Texas,Eastland,48,48133
2587,Texas,Ector,48,48135
2588,Texas,Edwards,48,48137
2589,Texas,Ellis,48,48139
2590,Texas,El Paso,48,48141
2591,Texas,Erath,48,48143
2592,Texas,Falls,48,48145
2593,Texas,Fannin,48,48147
2594,Texas,Fayette,48,48149
2595,Texas,Fisher,48,48151
2596,Texas,Floyd,48,48153
2597,Texas,Foard,48,48155
2598,Texas,Fort Bend,48,48157
2599,Texas,Franklin,48,48159
2600,Texas,Freestone,48,48161
2601,Texas,Frio,48,48163
2602,Texas,Gaines,48,48165
2603,Texas,Galveston,48,48167
2604,Texas,Garza,48,48169
2605,Texas,Gillespie,48,48171
2606,Texas,Glasscock,48,48173
2607,Texas,Goliad,48,48175
2608,Texas,Gonzales,48,48177
2609,Texas,Gray,48,48179
2610,Texas,Grayson,48,48181
2611,Texas,Gregg,48,48183
2612,Texas,Grimes,48,48185
2613,Texas,Guadalupe,48,48187
2614,Texas,Hale,48,48189
2615,Texas,Hall,48,48191
2616,Texas,Hamilton,48,48193
2617,Texas,Hansford,48,48195
2618,Texas,Hardeman,48,48197
2619,Texas,Hardin,48,48199
2620,Texas,Harris,48,48201
2621,Texas,Harrison,48,48203
2622,Texas,Hartley,48,48205
2623,Texas,Haskell,48,48207
2624,Texas,Hays,48,48209
2625,Texas,Hemphill,48,48211
2626,Texas,Henderson,48,48213
2627,Texas,Hidalgo,48,48215
2628,Texas,Hill,48,48217
2629,Texas,Hockley,48,48219
2630,Texas,Hood,48,48221
2631,Texas,Hopkins,48,48223
2632,Texas,Houston,48,48225
2633,Texas,Howard,48,48227
2634,Texas,Hudspeth,48,48229
2635,Texas,Hunt,48,48231
2636,Texas,Hutchinson,48,48233
2637,Texas,Irion,48,48235
2638,Texas,Jack,48,48237
2639,Texas,Jackson,48,48239
2640,Texas,Jasper,48,48241
2641,Texas,Jeff Davis,48,48243
2642,Texas,Jefferson,48,48245
2643,Texas,Jim Hogg,48,48247
2644,Texas,Jim Wells,48,48249
2645,Texas,Johnson,48,48251
2646,Texas,Jones,48,48253
2647,Texas,Karnes,48,48255
2648,Texas,Kaufman,48,48257
2649,Texas,Kendall,48,48259
2650,Texas,Kenedy,48,48261
2651,Texas,Kent,48,48263
2652,Texas,Kerr,48,48265
2653,Texas,Kimble,48,48267
2654,Texas,King,48,48269
2655,Texas,Kinney,48,48271
2656,Texas,Kleberg,48,48273
2657,Texas,Knox,48,48275
2658,Texas,Lamar,48,48277
2659,Texas,Lamb,48,48279
2660,Texas,Lampasas,48,48281
2661,Texas,La Salle,48,48283
2662,Texas,Lavaca,48,48285
2663,Texas,Lee,48,48287
2664,Texas,Leon,48,48289
2665,Texas,Liberty,48,48291
2666,Texas,Limestone,48,48293
2667,Texas,Lipscomb,48,48295
2668,Texas,Live Oak,48,48297
2669,Texas,Llano,48,48299
2670,Texas,Loving,48,48301
2671,Texas,Lubbock,48,48303
2672,Texas,Lynn,48,48305
2673,Texas,McCulloch,48,48307
2674,Texas,McLennan,48,48309
2675,Texas,McMullen,48,48311
2676,Texas,Madison,48,48313
2677,Texas,Marion,48,48315
2678,Texas,Martin,48,48317
2679,Texas,Mason,48,48319
2680,Texas,Matagorda,48,48321
2681,Texas,Maverick,48,48323
2682,Texas,Medina,48,48325
2683,Texas,Menard,48,48327
2684,Texas,Midland,48,48329
2685,Texas,Milam,48,48331
2686,Texas,Mills,48,48333
2687,Texas,Mitchell,48,48335
2688,Texas,Montague,48,48337
2689,Texas,Montgomery,48,48339
2690,Texas,Moore,48,48341
2691,Texas,Morris,48,48343
2692,Texas,Motley,48,48345
2693,Texas,Nacogdoches,48,48347
2694,Texas,Navarro,48,48349
2695,Texas,Newton,48,48351
2696,Texas,Nolan,48,48353
2697,Texas,Nueces,48,48355
2698,Texas,Ochiltree,48,48357
2699,Texas,Oldham,48,48359
2700,Texas,Orange,48,48361
2701,Texas,Palo Pinto,48,48363
2702,Texas,Panola,48,48365
2703,Texas,Parker,48,48367
2704,Texas,Parmer,48,48369
2705,Texas,Pecos,48,48371
2706,Texas,Polk,48,48373
2707,Texas,Potter,48,48375
2708,Texas,Presidio,48,48377
2709,Texas,Rains,48,48379
2710,Texas,Randall,48,48381
2711,Texas,Reagan,48,48383
2712,Texas,Real,48,48385
2713,Texas,Red River,48,48387
2714,Texas,Reeves,48,48389
2715,Texas,Refugio,48,48391
2716,Texas,Roberts,48,48393
2717,Texas,Robertson,48,48395
2718,Texas,Rockwall,48,48397
2719,Texas,Runnels,48,48399
2720,Texas,Rusk,48,48401
2721,Texas,Sabine,48,48403
2722,Texas,San Augustine,48,48405
2723,Texas,San Jacinto,48,48407
2724,Texas,San Patricio,48,48409
2725,Texas,San Saba,48,48411
2726,Texas,Schleicher,48,48413
2727,Texas,Scurry,48,48415
2728,Texas,Shackelford,48,48417
2729,Texas,Shelby,48,48419
2730,Texas,Sherman,48,48421
2731,Texas,Smith,48,48423
2732,Texas,Somervell,48,48425
2733,Texas,Starr,48,48427
2734,Texas,Stephens,48,48429
2735,Texas,Sterling,48,48431
2736,Texas,Stonewall,48,48433
2737,Texas,Sutton,48,48435
2738,Texas,Swisher,48,48437
2739,Texas,Tarrant,48,48439
2740,Texas,Taylor,48,48441
2741,Texas,Terrell,48,48443
2742,Texas,Terry,48,48445
2743,Texas,Throckmorton,48,48447
2744,Texas,Titus,48,48449
2745,Texas,Tom Green,48,48451
2746,Texas,Travis,48,48453
2747,Texas,Trinity,48,48455
2748,Texas,Tyler,48,48457
2749,Texas,Upshur,48,48459
2750,Texas,Upton,48,48461
2751,Texas,Uvalde,48,48463
2752,Texas,Val Verde,48,48465
2753,Texas,Van Zandt,48,48467
2754,Texas,Victoria,48,48469
2755,Texas,Walker,48,48471
2756,Texas,Waller,48,48473
2757,Texas,Ward,48,48475
2758,Texas,Washington,48,48477
2759,Texas,Webb,48,48479
2760,Texas,Wharton,48,48481
2761,Texas,Wheeler,48,48483
2762,Texas,Wichita,48,48485
2763,Texas,Wilbarger,48,48487
2764,Texas,Willacy,48,48489
2765,Texas,Williamson,48,48491
2766,Texas,Wilson,48,48493
2767,Texas,Winkler,48,48495
2768,Texas,Wise,48,48497
2769,Texas,Wood,48,48499
2770,Texas,Yoakum,48,48501
2771,Texas,Young,48,48503
2772,Texas,Zapata,48,48505
2773,Texas,Zavala,48,48507
2774,Utah,Beaver,49,49001
2775,Utah,Box Elder,49,49003
2776,Utah,Cache,49,49005
2777,Utah,Carbon,49,49007
2778,Utah,Daggett,49,49009
2779,Utah,Davis,49,49011
2780,Utah,Duchesne,49,49013
2781,Utah,Emery,49,49015
2782,Utah,Garfield,49,49017
2783,Utah,Grand,49,49019
2784,Utah,Iron,49,49021
2785,Utah,Juab,49,49023
2786,Utah,Kane,49,49025
2787,Utah,Millard,49,49027
2788,Utah,Morgan,49,49029
2789,Utah,Piute,49,49031
2790,Utah,Rich,49,49033
2791,Utah,Salt Lake,49,49035
2792,Utah,San Juan,49,49037
2793,Utah,Sanpete,49,49039
2794,Utah,Sevier,49,49041
2795,Utah,Summit,49,49043
2796,Utah,Tooele,49,49045
2797,Utah,Uintah,49,49047
2798,Utah,Utah,49,49049
2799,Utah,Wasatch,49,49051
2800,Utah,Washington,49,49053
2801,Utah,Wayne,49,49055
2802,Utah,Weber,49,49057
2803,Vermont,Addison,50,50001
2804,Vermont,Bennington,50,50003
2805,Vermont,Caledonia,50,50005
2806,Vermont,Chittenden,50,50007
2807,Vermont,Essex,50,50009
2808,Vermont,Franklin,50,50011
2809,Vermont,Grand Isle,50,50013
2810,Vermont,Lamoille,50,50015
2811,Vermont,Orange,50,50017
2812,Vermont,Orleans,50,50019
2813,Vermont,Rutland,50,50021
2814,Vermont,Washington,50,50023
2815,Vermont,Windham,50,50025
2816,Vermont,Windsor,50,50027
2817,Virginia,Accomack,51,51001
2818,Virginia,Albemarle,51,51003
2819,Virginia,Alleghany,51,51005
2820,Virginia,Amelia,51,51007
2821,Virginia,Amherst,51,51009
2822,Virginia,Appomattox,51,51011
2823,Virginia,Arlington,51,51013
2824,Virginia,Augusta,51,51015
2825,Virginia,Bath,51,51017
2826,Virginia,Bedford,51,51019
2827,Virginia,Bland,51,51021
2828,Virginia,Botetourt,51,51023
2829,Virginia,Brunswick,51,51025
2830,Virginia,Buchanan,51,51027
2831,Virginia,Buckingham,51,51029
2832,Virginia,Campbell,51,51031
2833,Virginia,Caroline,51,51033
2834,Virginia,Carroll,51,51035
2835,Virginia,Charles City,51,51036
2836,Virginia,Charlotte,51,51037
2837,Virginia,Chesterfield,51,51041
2838,Virginia,Clarke,51,51043
2839,Virginia,Craig,51,51045
2840,Virginia,Culpeper,51,51047
2841,Virginia,Cumberland,51,51049
2842,Virginia,Dickenson,51,51051
2843,Virginia,Dinwiddie,51,51053
2844,Virginia,Essex,51,51057
2845,Virginia,Fairfax,51,51059
2846,Virginia,Fauquier,51,51061
2847,Virginia,Floyd,51,51063
2848,Virginia,Fluvanna,51,51065
2849,Virginia,Franklin,51,51067
2850,Virginia,Frederick,51,51069
2851,Virginia,Giles,51,51071
2852,Virginia,Gloucester,51,51073
2853,Virginia,Goochland,51,51075
2854,Virginia,Grayson,51,51077
2855,Virginia,Greene,51,51079
2856,Virginia,Greensville,51,51081
2857,Virginia,Halifax,51,51083
2858,Virginia,Hanover,51,51085
2859,Virginia,Henrico,51,51087
2860,Virginia,Henry,51,51089
2861,Virginia,Highland,51,51091
2862,Virginia,Isle of Wight,51,51093
2863,Virginia,James City,51,51095
2864,Virginia,King and Queen,51,51097
2865,Virginia,King George,51,51099
2866,Virginia,King William,51,51101
2867,Virginia,Lancaster,51,51103
2868,Virginia,Lee,51,51105
2869,Virginia,Loudoun,51,51107
2870,Virginia,Louisa,51,51109
2871,Virginia,Lunenburg,51,51111
2872,Virginia,Madison,51,51113
2873,Virginia,Mathews,51,51115
2874,Virginia,Mecklenburg,51,51117
2875,Virginia,Middlesex,51,51119
2876,Virginia,Montgomery,51,51121
2877,Virginia,Nelson,51,51125
2878,Virginia,New Kent,51,51127
2879,Virginia,Northampton,51,51131
2880,Virginia,Northumberland,51,51133
2881,Virginia,Nottoway,51,51135
2882,Virginia,Orange,51,51137
2883,Virginia,Page,51,51139
2884,Virginia,Patrick,51,51141
2885,Virginia,Pittsylvania,51,51143
2886,Virginia,Powhatan,51,51145
2887,Virginia,Prince Edward,51,51147
2888,Virginia,Prince George,51,51149
2889,Virginia,Prince William,51,51153
2890,Virginia,Pulaski,51,51155
2891,Virginia,Rappahannock,51,51157
2892,Virginia,Richmond,51,51159
2893,Virginia,Roanoke,51,51161
2894,Virginia,Rockbridge,51,51163
2895,Virginia,Rockingham,51,51165
2896,Virginia,Russell,51,51167
2897,Virginia,Scott,51,51169
2898,Virginia,Shenandoah,51,51171
2899,Virginia,Smyth,51,51173
2900,Virginia,Southampton,51,51175
2901,Virginia,Spotsylvania,51,51177
2902,Virginia,Stafford,51,51179
2903,Virginia,Surry,51,51181
2904,Virginia,Sussex,51,51183
2905,Virginia,Tazewell,51,51185
2906,Virginia,Warren,51,51187
2907,Virginia,Washington,51,51191
2908,Virginia,Westmoreland,51,51193
2909,Virginia,Wise,51,51195
2910,Virginia,Wythe,51,51197
2911,Virginia,York,51,51199
2912,Virginia,Alexandria City,51,51510
2913,Virginia,Bedford City,51,51515
2914,Virginia,Bristol City,51,51520
2915,Virginia,Buena Vista City,51,51530
2916,Virginia,Charlottesville City,51,51540
2917,Virginia,Chesapeake City,51,51550
2918,Virginia,Clifton Forge City,51,51560
2919,Virginia,Colonial Heights City,51,51570
2920,Virginia,Covington City,51,51580
2921,Virginia,Danville City,51,51590
2922,Virginia,Emporia City,51,51595
2923,Virginia,Fairfax City,51,51600
2924,Virginia,Falls Church City,51,51610
2925,Virginia,Franklin City,51,51620
2926,Virginia,Fredericksburg City,51,51630
2927,Virginia,Galax City,51,51640
2928,Virginia,Hampton City,51,51650
2929,Virginia,Harrisonburg City,51,51660
2930,Virginia,Hopewell City,51,51670
2931,Virginia,Lexington City,51,51678
2932,Virginia,Lynchburg City,51,51680
2933,Virginia,Manassas City,51,51683
2934,Virginia,Manassas Park City,51,51685
2935,Virginia,Martinsville City,51,51690
2936,Virginia,Newport News City,51,51700
2937,Virginia,Norfolk City,51,51710
2938,Virginia,Norton City,51,51720
2939,Virginia,Petersburg City,51,51730
2940,Virginia,Poquoson City,51,51735
2941,Virginia,Portsmouth City,51,51740
2942,Virginia,Radford,51,51750
2943,Virginia,Richmond City,51,51760
2944,Virginia,Roanoke City,51,51770
2945,Virginia,Salem City,51,51775
2946,Virginia,South Boston City,51,51780
2947,Virginia,Staunton City,51,51790
2948,Virginia,Suffolk City,51,51800
2949,Virginia,Virginia Beach City,51,51810
2950,Virginia,Waynesboro City,51,51820
2951,Virginia,Williamsburg City,51,51830
2952,Virginia,Winchester City,51,51840
2953,Washington,Adams,53,53001
2954,Washington,Asotin,53,53003
2955,Washington,Benton,53,53005
2956,Washington,Chelan,53,53007
2957,Washington,Clallam,53,53009
2958,Washington,Clark,53,53011
2959,Washington,Columbia,53,53013
2960,Washington,Cowlitz,53,53015
2961,Washington,Douglas,53,53017
2962,Washington,Ferry,53,53019
2963,Washington,Franklin,53,53021
2964,Washington,Garfield,53,53023
2965,Washington,Grant,53,53025
2966,Washington,Grays Harbor,53,53027
2967,Washington,Island,53,53029
2968,Washington,Jefferson,53,53031
2969,Washington,King,53,53033
2970,Washington,Kitsap,53,53035
2971,Washington,Kittitas,53,53037
2972,Washington,Klickitat,53,53039
2973,Washington,Lewis,53,53041
2974,Washington,Lincoln,53,53043
2975,Washington,Mason,53,53045
2976,Washington,Okanogan,53,53047
2977,Washington,Pacific,53,53049
2978,Washington,Pend Oreille,53,53051
2979,Washington,Pierce,53,53053
2980,Washington,San Juan,53,53055
2981,Washington,Skagit,53,53057
2982,Washington,Skamania,53,53059
2983,Washington,Snohomish,53,53061
2984,Washington,Spokane,53,53063
2985,Washington,Stevens,53,53065
2986,Washington,Thurston,53,53067
2987,Washington,Wahkiakum,53,53069
2988,Washington,Walla Walla,53,53071
2989,Washington,Whatcom,53,53073
2990,Washington,Whitman,53,53075
2991,Washington,Yakima,53,53077
2992,West Virginia,Barbour,54,54001
2993,West Virginia,Berkeley,54,54003
2994,West Virginia,Boone,54,54005
2995,West Virginia,Braxton,54,54007
2996,West Virginia,Brooke,54,54009
2997,West Virginia,Cabell,54,54011
2998,West Virginia,Calhoun,54,54013
2999,West Virginia,Clay,54,54015
3000,West Virginia,Doddridge,54,54017
3001,West Virginia,Fayette,54,54019
3002,West Virginia,Gilmer,54,54021
3003,West Virginia,Grant,54,54023
3004,West Virginia,Greenbrier,54,54025
3005,West Virginia,Hampshire,54,54027
3006,West Virginia,Hancock,54,54029
3007,West Virginia,Hardy,54,54031
3008,West Virginia,Harrison,54,54033
3009,West Virginia,Jackson,54,54035
3010,West Virginia,Jefferson,54,54037
3011,West Virginia,Kanawha,54,54039
3012,West Virginia,Lewis,54,54041
3013,West Virginia,Lincoln,54,54043
3014,West Virginia,Logan,54,54045
3015,West Virginia,McDowell,54,54047
3016,West Virginia,Marion,54,54049
3017,West Virginia,Marshall,54,54051
3018,West Virginia,Mason,54,54053
3019,West Virginia,Mercer,54,54055
3020,West Virginia,Mineral,54,54057
3021,West Virginia,Mingo,54,54059
3022,West Virginia,Monongalia,54,54061
3023,West Virginia,Monroe,54,54063
3024,West Virginia,Morgan,54,54065
3025,West Virginia,Nicholas,54,54067
3026,West Virginia,Ohio,54,54069
3027,West Virginia,Pendleton,54,54071
3028,West Virginia,Pleasants,54,54073
3029,West Virginia,Pocahontas,54,54075
3030,West Virginia,Preston,54,54077
3031,West Virginia,Putnam,54,54079
3032,West Virginia,Raleigh,54,54081
3033,West Virginia,Randolph,54,54083
3034,West Virginia,Ritchie,54,54085
3035,West Virginia,Roane,54,54087
3036,West Virginia,Summers,54,54089
3037,West Virginia,Taylor,54,54091
3038,West Virginia,Tucker,54,54093
3039,West Virginia,Tyler,54,54095
3040,West Virginia,Upshur,54,54097
3041,West Virginia,Wayne,54,54099
3042,West Virginia,Webster,54,54101
3043,West Virginia,Wetzel,54,54103
3044,West Virginia,Wirt,54,54105
3045,West Virginia,Wood,54,54107
3046,West Virginia,Wyoming,54,54109
3047,Wisconsin,Adams,55,55001
3048,Wisconsin,Ashland,55,55003
3049,Wisconsin,Barron,55,55005
3050,Wisconsin,Bayfield,55,55007
3051,Wisconsin,Brown,55,55009
3052,Wisconsin,Buffalo,55,55011
3053,Wisconsin,Burnett,55,55013
3054,Wisconsin,Calumet,55,55015
3055,Wisconsin,Chippewa,55,55017
3056,Wisconsin,Clark,55,55019
3057,Wisconsin,Columbia,55,55021
3058,Wisconsin,Crawford,55,55023
3059,Wisconsin,Dane,55,55025
3060,Wisconsin,Dodge,55,55027
3061,Wisconsin,Door,55,55029
3062,Wisconsin,Douglas,55,55031
3063,Wisconsin,Dunn,55,55033
3064,Wisconsin,Eau Claire,55,55035
3065,Wisconsin,Florence,55,55037
3066,Wisconsin,Fond Du Lac,55,55039
3067,Wisconsin,Forest,55,55041
3068,Wisconsin,Grant,55,55043
3069,Wisconsin,Green,55,55045
3070,Wisconsin,Green Lake,55,55047
3071,Wisconsin,Iowa,55,55049
3072,Wisconsin,Iron,55,55051
3073,Wisconsin,Jackson,55,55053
3074,Wisconsin,Jefferson,55,55055
3075,Wisconsin,Juneau,55,55057
3076,Wisconsin,Kenosha,55,55059
3077,Wisconsin,Kewaunee,55,55061
3078,Wisconsin,La Crosse,55,55063
3079,Wisconsin,Lafayette,55,55065
3080,Wisconsin,Langlade,55,55067
3081,Wisconsin,Lincoln,55,55069
3082,Wisconsin,Manitowoc,55,55071
3083,Wisconsin,Marathon,55,55073
3084,Wisconsin,Marinette,55,55075
3085,Wisconsin,Marquette,55,55077
3086,Wisconsin,Menominee,55,55078
3087,Wisconsin,Milwaukee,55,55079
3088,Wisconsin,Monroe,55,55081
3089,Wisconsin,Oconto,55,55083
3090,Wisconsin,Oneida,55,55085
3091,Wisconsin,Outagamie,55,55087
3092,Wisconsin,Ozaukee,55,55089
3093,Wisconsin,Pepin,55,55091
3094,Wisconsin,Pierce,55,55093
3095,Wisconsin,Polk,55,55095
3096,Wisconsin,Portage,55,55097
3097,Wisconsin,Price,55,55099
3098,Wisconsin,Racine,55,55101
3099,Wisconsin,Richland,55,55103
3100,Wisconsin,Rock,55,55105
3101,Wisconsin,Rusk,55,55107
3102,Wisconsin,St Croix,55,55109
3103,Wisconsin,Sauk,55,55111
3104,Wisconsin,Sawyer,55,55113
3105,Wisconsin,Shawano,55,55115
3106,Wisconsin,Sheboygan,55,55117
3107,Wisconsin,Taylor,55,55119
3108,Wisconsin,Trempealeau,55,55121
3109,Wisconsin,Vernon,55,55123
3110,Wisconsin,Vilas,55,55125
3111,Wisconsin,Walworth,55,55127
3112,Wisconsin,Washburn,55,55129
3113,Wisconsin,Washington,55,55131
3114,Wisconsin,Waukesha,55,55133
3115,Wisconsin,Waupaca,55,55135
3116,Wisconsin,Waushara,55,55137
3117,Wisconsin,Winnebago,55,55139
3118,Wisconsin,Wood,55,55141
3119,Wyoming,Albany,56,56001
3120,Wyoming,Big Horn,56,56003
3121,Wyoming,Campbell,56,56005
3122,Wyoming,Carbon,56,56007
3123,Wyoming,Converse,56,56009
3124,Wyoming,Crook,56,56011
3125,Wyoming,Fremont,56,56013
3126,Wyoming,Goshen,56,56015
3127,Wyoming,Hot Springs,56,56017
3128,Wyoming,Johnson,56,56019
3129,Wyoming,Laramie,56,56021
3130,Wyoming,Lincoln,56,56023
3131,Wyoming,Natrona,56,56025
3132,Wyoming,Niobrara,56,56027
3133,Wyoming,Park,56,56029
3134,Wyoming,Platte,56,56031
3135,Wyoming,Sheridan,56,56033
3136,Wyoming,Sublette,56,56035
3137,Wyoming,Sweetwater,56,56037
3138,Wyoming,Teton,56,56039
3139,Wyoming,Uinta,56,56041
3140,Wyoming,Washakie,56,56043
3141,Wyoming,Weston,56,56045
